/*
 Navicat Premium Data Transfer

 Source Server         : LOCALHOST
 Source Server Type    : MySQL
 Source Server Version : 100138
 Source Host           : localhost:3306
 Source Schema         : bios

 Target Server Type    : MySQL
 Target Server Version : 100138
 File Encoding         : 65001

 Date: 02/11/2021 10:57:34
*/

SET NAMES utf8mb4;
SET FOREIGN_KEY_CHECKS = 0;

-- ----------------------------
-- Table structure for m_pegawai
-- ----------------------------
DROP TABLE IF EXISTS `m_pegawai`;
CREATE TABLE `m_pegawai`  (
  `id_pegawai` int NOT NULL,
  `nip` varchar(255) CHARACTER SET latin1 COLLATE latin1_swedish_ci NOT NULL,
  `nama` varchar(255) CHARACTER SET latin1 COLLATE latin1_swedish_ci NULL DEFAULT NULL,
  `id_absen` varchar(12) CHARACTER SET latin1 COLLATE latin1_swedish_ci NULL DEFAULT NULL,
  `aktif` varchar(1) CHARACTER SET latin1 COLLATE latin1_swedish_ci NULL DEFAULT NULL,
  `keterangan` varchar(255) CHARACTER SET latin1 COLLATE latin1_swedish_ci NULL DEFAULT NULL,
  `user` varchar(255) CHARACTER SET latin1 COLLATE latin1_swedish_ci NULL DEFAULT NULL,
  `create_date` varchar(255) CHARACTER SET latin1 COLLATE latin1_swedish_ci NULL DEFAULT NULL,
  `update_date` varchar(255) CHARACTER SET latin1 COLLATE latin1_swedish_ci NULL DEFAULT NULL,
  `nama_unit` varchar(255) CHARACTER SET latin1 COLLATE latin1_swedish_ci NULL DEFAULT NULL,
  `pendidikan` varchar(255) CHARACTER SET latin1 COLLATE latin1_swedish_ci NULL DEFAULT NULL,
  `golongan` varchar(255) CHARACTER SET latin1 COLLATE latin1_swedish_ci NULL DEFAULT NULL,
  `email` varchar(255) CHARACTER SET latin1 COLLATE latin1_swedish_ci NULL DEFAULT NULL,
  `jenis_kelamin` varchar(255) CHARACTER SET latin1 COLLATE latin1_swedish_ci NULL DEFAULT NULL,
  `nomor_telepon` varchar(15) CHARACTER SET latin1 COLLATE latin1_swedish_ci NULL DEFAULT NULL,
  `organisasi_kerja` varchar(255) CHARACTER SET latin1 COLLATE latin1_swedish_ci NULL DEFAULT NULL,
  `jenis_pegawai` varchar(255) CHARACTER SET latin1 COLLATE latin1_swedish_ci NULL DEFAULT NULL,
  `satuan_kerja` varchar(255) CHARACTER SET latin1 COLLATE latin1_swedish_ci NULL DEFAULT NULL,
  `alamat` varchar(255) CHARACTER SET latin1 COLLATE latin1_swedish_ci NULL DEFAULT NULL,
  `diklat` varchar(255) CHARACTER SET latin1 COLLATE latin1_swedish_ci NULL DEFAULT NULL,
  `penghargaan` varchar(255) CHARACTER SET latin1 COLLATE latin1_swedish_ci NULL DEFAULT NULL,
  `sertifikasi` varchar(255) CHARACTER SET latin1 COLLATE latin1_swedish_ci NULL DEFAULT NULL,
  PRIMARY KEY (`id_pegawai`) USING BTREE,
  UNIQUE INDEX `nip`(`nip`) USING BTREE
) ENGINE = InnoDB CHARACTER SET = latin1 COLLATE = latin1_swedish_ci ROW_FORMAT = Compact;

-- ----------------------------
-- Records of m_pegawai
-- ----------------------------
INSERT INTO `m_pegawai` VALUES (0, '197708052006042001', 'ANGGUN ANGGARINI, SE, M.Ak', '1223', '1', '1', 'BUDI SUFIYANTO, S.T', '2021-11-02', '2021-11-02', 'STRUKTURAL', 'S1', 'III/b', 'simrskojakarta@gmail.com', 'Perempuan', '2222222', 'Rumah Sakit Ketergantungan Obat', 'PNS', 'Rumah Sakit Ketergantungan Obat', '2222222', '1', '1', '1');
INSERT INTO `m_pegawai` VALUES (1, '197202052007011038', 'ABDUL WAHID', '1179', '1', '1', 'BUDI SUFIYANTO, S.T', '2021-10-12', '2021-10-12', 'STRUKTURAL', 'S1', 'I/a', 'rskojakarta02@gmail.com', 'Laki-laki', '089899999', 'Rumah Sakit Ketergantungan Obat', 'PNS', 'Rumah Sakit Ketergantungan Obat', 'Rumah Sakit Ketergantungan Obat', '1', '1', '1');
INSERT INTO `m_pegawai` VALUES (2, '197003211995031002', 'ABDURAHMAN KOTALA, AMK', '1165', '1', '2', 'BUDI SUFIYANTO, S.T', '2021-10-18', '2021-10-18', 'SATUAN PENGAWAS INTERN', 'S1', 'I/a', 'simrskojakarta@gmail.com', 'Laki-laki', '121', 'Rumah Sakit Ketergantungan Obat', 'PNS', 'Rumah Sakit Ketergantungan Obat', 'depok', '2', '2', '2');
INSERT INTO `m_pegawai` VALUES (3, '919830917201204101', 'ACHMAD AFANDI', '1321', '0', NULL, NULL, NULL, NULL, NULL, NULL, NULL, NULL, NULL, NULL, NULL, NULL, NULL, NULL, NULL, NULL, NULL);
INSERT INTO `m_pegawai` VALUES (4, '197511102002121006', 'ACHMAD RIYADI, SSi, Apt', '1082', '0', NULL, NULL, NULL, NULL, NULL, NULL, NULL, NULL, NULL, NULL, NULL, NULL, NULL, NULL, NULL, NULL, NULL);
INSERT INTO `m_pegawai` VALUES (5, '198409252008012003', 'ADEK SETIYANI, SKep,Ners', '1250', '0', NULL, NULL, NULL, NULL, NULL, NULL, NULL, NULL, NULL, NULL, NULL, NULL, NULL, NULL, NULL, NULL, NULL);
INSERT INTO `m_pegawai` VALUES (6, '199006022015031001', 'AEP SAEPULLOH, ARM', '1388', '0', NULL, NULL, NULL, NULL, NULL, NULL, NULL, NULL, NULL, NULL, NULL, NULL, NULL, NULL, NULL, NULL, NULL);
INSERT INTO `m_pegawai` VALUES (7, '197911122006041002', 'AGUNG HENDRA KRISTANTO, AMR', '1039', '0', NULL, NULL, NULL, NULL, NULL, NULL, NULL, NULL, NULL, NULL, NULL, NULL, NULL, NULL, NULL, NULL, NULL);
INSERT INTO `m_pegawai` VALUES (8, '919771222200801000', 'AGUNG PANDJI BAYU HAPSORO', '1098', '0', NULL, NULL, NULL, NULL, NULL, NULL, NULL, NULL, NULL, NULL, NULL, NULL, NULL, NULL, NULL, NULL, NULL);
INSERT INTO `m_pegawai` VALUES (9, '196910012007101002', 'AGUNG SAKSONO', '1013', '0', NULL, NULL, NULL, NULL, NULL, NULL, NULL, NULL, NULL, NULL, NULL, NULL, NULL, NULL, NULL, NULL, NULL);
INSERT INTO `m_pegawai` VALUES (10, '196807171992031002', 'AGUS DARMAWAN, SSos', '1055', '0', NULL, NULL, NULL, NULL, NULL, NULL, NULL, NULL, NULL, NULL, NULL, NULL, NULL, NULL, NULL, NULL, NULL);
INSERT INTO `m_pegawai` VALUES (11, '198008102002121002', 'AGUS SUSANTO, S.Kep', '1015', '0', NULL, NULL, NULL, NULL, NULL, NULL, NULL, NULL, NULL, NULL, NULL, NULL, NULL, NULL, NULL, NULL, NULL);
INSERT INTO `m_pegawai` VALUES (12, '198207252009121001', 'AHMAD SOFYAN, SH', '1291', '0', NULL, NULL, NULL, NULL, NULL, NULL, NULL, NULL, NULL, NULL, NULL, NULL, NULL, NULL, NULL, NULL, NULL);
INSERT INTO `m_pegawai` VALUES (13, '199001292015031001', 'AHMAD WIDYAN', '1385', '0', NULL, NULL, NULL, NULL, NULL, NULL, NULL, NULL, NULL, NULL, NULL, NULL, NULL, NULL, NULL, NULL, NULL);
INSERT INTO `m_pegawai` VALUES (14, '198312242006041001', 'AKHID FATUROHMAN, AMD', '1063', '0', NULL, NULL, NULL, NULL, NULL, NULL, NULL, NULL, NULL, NULL, NULL, NULL, NULL, NULL, NULL, NULL, NULL);
INSERT INTO `m_pegawai` VALUES (15, '197601162000032004', 'ANA NURJANANTI, AMF', '1379', '0', NULL, NULL, NULL, NULL, NULL, NULL, NULL, NULL, NULL, NULL, NULL, NULL, NULL, NULL, NULL, NULL, NULL);
INSERT INTO `m_pegawai` VALUES (16, '197605072006042015', 'ANDRI KUSMINTAYU, SKM', '1178', '0', NULL, NULL, NULL, NULL, NULL, NULL, NULL, NULL, NULL, NULL, NULL, NULL, NULL, NULL, NULL, NULL, NULL);
INSERT INTO `m_pegawai` VALUES (17, '198105282005011003', 'ANDRI MASTIYANTO, SKM', '1020', '0', NULL, NULL, NULL, NULL, NULL, NULL, NULL, NULL, NULL, NULL, NULL, NULL, NULL, NULL, NULL, NULL, NULL);
INSERT INTO `m_pegawai` VALUES (18, '198006122002121004', 'ANDY, AMTE', '1169', '0', NULL, NULL, NULL, NULL, NULL, NULL, NULL, NULL, NULL, NULL, NULL, NULL, NULL, NULL, NULL, NULL, NULL);
INSERT INTO `m_pegawai` VALUES (19, '198208302008011004', 'ANGGA DWI PRASETIO, AMR', '1213', '0', NULL, NULL, NULL, NULL, NULL, NULL, NULL, NULL, NULL, NULL, NULL, NULL, NULL, NULL, NULL, NULL, NULL);
INSERT INTO `m_pegawai` VALUES (20, '196701261988032001', 'ANI NURAINI, AMF', '1004', '0', NULL, NULL, NULL, NULL, NULL, NULL, NULL, NULL, NULL, NULL, NULL, NULL, NULL, NULL, NULL, NULL, NULL);
INSERT INTO `m_pegawai` VALUES (21, '198305092014022001', 'ANIK LESTARI, AMD', '1348', '0', NULL, NULL, NULL, NULL, NULL, NULL, NULL, NULL, NULL, NULL, NULL, NULL, NULL, NULL, NULL, NULL, NULL);
INSERT INTO `m_pegawai` VALUES (22, '197501122006041008', 'ANWARUDIN KHOIRI', '1043', '0', NULL, NULL, NULL, NULL, NULL, NULL, NULL, NULL, NULL, NULL, NULL, NULL, NULL, NULL, NULL, NULL, NULL);
INSERT INTO `m_pegawai` VALUES (23, '198604202015031001', 'ARFAN HAMDANI, ARM', '1390', '0', NULL, NULL, NULL, NULL, NULL, NULL, NULL, NULL, NULL, NULL, NULL, NULL, NULL, NULL, NULL, NULL, NULL);
INSERT INTO `m_pegawai` VALUES (24, '196802072002121002', 'ARY FADDILA, dr.', '1311', '0', NULL, NULL, NULL, NULL, NULL, NULL, NULL, NULL, NULL, NULL, NULL, NULL, NULL, NULL, NULL, NULL, NULL);
INSERT INTO `m_pegawai` VALUES (25, '198110132015032001', 'ATIKA RAHMAH, SKM', '1382', '0', NULL, NULL, NULL, NULL, NULL, NULL, NULL, NULL, NULL, NULL, NULL, NULL, NULL, NULL, NULL, NULL, NULL);
INSERT INTO `m_pegawai` VALUES (26, '197004202000031002', 'AZRI NURIZAL,dr. Sp.PD', '1426', '0', NULL, NULL, NULL, NULL, NULL, NULL, NULL, NULL, NULL, NULL, NULL, NULL, NULL, NULL, NULL, NULL, NULL);
INSERT INTO `m_pegawai` VALUES (27, '197604042005011002', 'BANGUN DATTA LOKANIRWANA, SKom', '1075', '0', NULL, NULL, NULL, NULL, NULL, NULL, NULL, NULL, NULL, NULL, NULL, NULL, NULL, NULL, NULL, NULL, NULL);
INSERT INTO `m_pegawai` VALUES (28, '196607101999031001', 'BORIS PASARIBU, dr.', '1257', '0', NULL, NULL, NULL, NULL, NULL, NULL, NULL, NULL, NULL, NULL, NULL, NULL, NULL, NULL, NULL, NULL, NULL);
INSERT INTO `m_pegawai` VALUES (29, '197811262014121001', 'BUDI PURWANTO', '1091', '0', NULL, NULL, NULL, NULL, NULL, NULL, NULL, NULL, NULL, NULL, NULL, NULL, NULL, NULL, NULL, NULL, NULL);
INSERT INTO `m_pegawai` VALUES (30, '197412091998031002', 'BUDIMAN, AMTE', '1027', '0', NULL, NULL, NULL, NULL, NULL, NULL, NULL, NULL, NULL, NULL, NULL, NULL, NULL, NULL, NULL, NULL, NULL);
INSERT INTO `m_pegawai` VALUES (31, '196406301996032002', 'CARLAMIA H. LUSIKOOY, dr., Sp.KJ', '1133', '1', '1', 'BUDI SUFIYANTO, S.T', '2021-11-01', '2021-11-01', 'STRUKTURAL', 'S1', 'IV/e', 'simrskojakarta@gmail.com', 'Perempuan', '111111', 'Rumah Sakit Ketergantungan Obat', 'PNS', 'Rumah Sakit Ketergantungan Obat', '111', '1', '1', '1');
INSERT INTO `m_pegawai` VALUES (32, '919830719200801101', 'CHANDRA ADI WIBOWO', '1218', '0', NULL, NULL, NULL, NULL, NULL, NULL, NULL, NULL, NULL, NULL, NULL, NULL, NULL, NULL, NULL, NULL, NULL);
INSERT INTO `m_pegawai` VALUES (33, '196209271989032009', 'CUT MINORA, dr.', '1067', '0', NULL, NULL, NULL, NULL, NULL, NULL, NULL, NULL, NULL, NULL, NULL, NULL, NULL, NULL, NULL, NULL, NULL);
INSERT INTO `m_pegawai` VALUES (34, '199006032018012001', 'CHRISTINA MELDAWATI, SKep, Ners', '1416', '0', NULL, NULL, NULL, NULL, NULL, NULL, NULL, NULL, NULL, NULL, NULL, NULL, NULL, NULL, NULL, NULL, NULL);
INSERT INTO `m_pegawai` VALUES (35, '919790208200801101', 'DANANTO MURIZKI FEBRIANO', '1147', '0', NULL, NULL, NULL, NULL, NULL, NULL, NULL, NULL, NULL, NULL, NULL, NULL, NULL, NULL, NULL, NULL, NULL);
INSERT INTO `m_pegawai` VALUES (36, '198012142001121001', 'DANI TANGDILINTIN, Skep', '1192', '0', NULL, NULL, NULL, NULL, NULL, NULL, NULL, NULL, NULL, NULL, NULL, NULL, NULL, NULL, NULL, NULL, NULL);
INSERT INTO `m_pegawai` VALUES (37, '198703162015032001', 'DARA IQLIMA NURUL ANNISA, AMF', '1388', '0', NULL, NULL, NULL, NULL, NULL, NULL, NULL, NULL, NULL, NULL, NULL, NULL, NULL, NULL, NULL, NULL, NULL);
INSERT INTO `m_pegawai` VALUES (38, '197611262008121001', 'DARWONO', '1123', '0', NULL, NULL, NULL, NULL, NULL, NULL, NULL, NULL, NULL, NULL, NULL, NULL, NULL, NULL, NULL, NULL, NULL);
INSERT INTO `m_pegawai` VALUES (39, '197710172007101003', 'DEDE SUPRIATNA', '1172', '0', NULL, NULL, NULL, NULL, NULL, NULL, NULL, NULL, NULL, NULL, NULL, NULL, NULL, NULL, NULL, NULL, NULL);
INSERT INTO `m_pegawai` VALUES (40, '919761005200901101', 'DEDE YAYAT CAHYADI, ST', '1063', '0', NULL, NULL, NULL, NULL, NULL, NULL, NULL, NULL, NULL, NULL, NULL, NULL, NULL, NULL, NULL, NULL, NULL);
INSERT INTO `m_pegawai` VALUES (41, '198003222008121002', 'DENY SAPUTRO, AMR', '1053', '0', NULL, NULL, NULL, NULL, NULL, NULL, NULL, NULL, NULL, NULL, NULL, NULL, NULL, NULL, NULL, NULL, NULL);
INSERT INTO `m_pegawai` VALUES (42, '197812062006042007', 'DESSY NISMAYANTI, SE', '1196', '0', NULL, NULL, NULL, NULL, NULL, NULL, NULL, NULL, NULL, NULL, NULL, NULL, NULL, NULL, NULL, NULL, NULL);
INSERT INTO `m_pegawai` VALUES (43, '197805072006042019', 'DEWI INDRIAWATI, drg, M.Pd', '1345', '0', NULL, NULL, NULL, NULL, NULL, NULL, NULL, NULL, NULL, NULL, NULL, NULL, NULL, NULL, NULL, NULL, NULL);
INSERT INTO `m_pegawai` VALUES (44, '196708221989012002', 'DIAH AGUSTIAWATI, Skep', '1234', '0', NULL, NULL, NULL, NULL, NULL, NULL, NULL, NULL, NULL, NULL, NULL, NULL, NULL, NULL, NULL, NULL, NULL);
INSERT INTO `m_pegawai` VALUES (45, '197712162010122001', 'DIAN ARLIYANA, AMD', '1366', '0', NULL, NULL, NULL, NULL, NULL, NULL, NULL, NULL, NULL, NULL, NULL, NULL, NULL, NULL, NULL, NULL, NULL);
INSERT INTO `m_pegawai` VALUES (46, '198502262008122001', 'DIAN CITRA PUSPITA, SKep', '1071', '0', NULL, NULL, NULL, NULL, NULL, NULL, NULL, NULL, NULL, NULL, NULL, NULL, NULL, NULL, NULL, NULL, NULL);
INSERT INTO `m_pegawai` VALUES (47, '197711152009122000', 'DIAN FATMAWATI, MPsi', '1316', '0', NULL, NULL, NULL, NULL, NULL, NULL, NULL, NULL, NULL, NULL, NULL, NULL, NULL, NULL, NULL, NULL, NULL);
INSERT INTO `m_pegawai` VALUES (48, '198106212007011010', 'DIDIK SUDARMANTO, SKom', '1100', '0', NULL, NULL, NULL, NULL, NULL, NULL, NULL, NULL, NULL, NULL, NULL, NULL, NULL, NULL, NULL, NULL, NULL);
INSERT INTO `m_pegawai` VALUES (49, '198601222008011002', 'DINDA ERTANTO, AMF', '1168', '0', NULL, NULL, NULL, NULL, NULL, NULL, NULL, NULL, NULL, NULL, NULL, NULL, NULL, NULL, NULL, NULL, NULL);
INSERT INTO `m_pegawai` VALUES (50, '197711282005011002', 'DUDY ARMAN SISWOYO', '1208', '0', NULL, NULL, NULL, NULL, NULL, NULL, NULL, NULL, NULL, NULL, NULL, NULL, NULL, NULL, NULL, NULL, NULL);
INSERT INTO `m_pegawai` VALUES (51, '197612292007011021', 'DUR AKMAL, AMK', '1154', '0', NULL, NULL, NULL, NULL, NULL, NULL, NULL, NULL, NULL, NULL, NULL, NULL, NULL, NULL, NULL, NULL, NULL);
INSERT INTO `m_pegawai` VALUES (52, '196606151995032002', 'DWI ELLIS SISWANTI, SST', '1125', '0', NULL, NULL, NULL, NULL, NULL, NULL, NULL, NULL, NULL, NULL, NULL, NULL, NULL, NULL, NULL, NULL, NULL);
INSERT INTO `m_pegawai` VALUES (53, '197612142006042001', 'DWI HENI NURWINDA SARI, S.Farm, Apt', '1269', '0', NULL, NULL, NULL, NULL, NULL, NULL, NULL, NULL, NULL, NULL, NULL, NULL, NULL, NULL, NULL, NULL, NULL);
INSERT INTO `m_pegawai` VALUES (54, '199011172015032001', 'DWI NOVALIA, AMF', '1387', '0', NULL, NULL, NULL, NULL, NULL, NULL, NULL, NULL, NULL, NULL, NULL, NULL, NULL, NULL, NULL, NULL, NULL);
INSERT INTO `m_pegawai` VALUES (55, '197404062002122006', 'DYAH PURWANING RAHAYU, dr., MM, Sp.OK', '1306', '0', NULL, NULL, NULL, NULL, NULL, NULL, NULL, NULL, NULL, NULL, NULL, NULL, NULL, NULL, NULL, NULL, NULL);
INSERT INTO `m_pegawai` VALUES (56, '198301302006042001', 'DYAH PUTRI AMBARWATI, S.Farm', '1205', '0', NULL, NULL, NULL, NULL, NULL, NULL, NULL, NULL, NULL, NULL, NULL, NULL, NULL, NULL, NULL, NULL, NULL);
INSERT INTO `m_pegawai` VALUES (57, '196606021988031015', 'EDI SURYANA', '1031', '0', NULL, NULL, NULL, NULL, NULL, NULL, NULL, NULL, NULL, NULL, NULL, NULL, NULL, NULL, NULL, NULL, NULL);
INSERT INTO `m_pegawai` VALUES (58, '197606171996021004', 'EFRAN HADI, AMK', '1146', '0', NULL, NULL, NULL, NULL, NULL, NULL, NULL, NULL, NULL, NULL, NULL, NULL, NULL, NULL, NULL, NULL, NULL);
INSERT INTO `m_pegawai` VALUES (59, '198210112010012031', 'EKA PUSPITASARI, AMG', '1377', '0', NULL, NULL, NULL, NULL, NULL, NULL, NULL, NULL, NULL, NULL, NULL, NULL, NULL, NULL, NULL, NULL, NULL);
INSERT INTO `m_pegawai` VALUES (60, '198303112008122003', 'EKA SETIAWATI, AMK', '1019', '0', NULL, NULL, NULL, NULL, NULL, NULL, NULL, NULL, NULL, NULL, NULL, NULL, NULL, NULL, NULL, NULL, NULL);
INSERT INTO `m_pegawai` VALUES (61, '919810919200801101', 'EKO PRASETYO', '1188', '0', NULL, NULL, NULL, NULL, NULL, NULL, NULL, NULL, NULL, NULL, NULL, NULL, NULL, NULL, NULL, NULL, NULL);
INSERT INTO `m_pegawai` VALUES (62, '197403162007011014', 'EKO PRAYITNO, SE', '1050', '0', NULL, NULL, NULL, NULL, NULL, NULL, NULL, NULL, NULL, NULL, NULL, NULL, NULL, NULL, NULL, NULL, NULL);
INSERT INTO `m_pegawai` VALUES (63, '919840423201101101', 'EKO SUPRIYANTO', '1127', '0', NULL, NULL, NULL, NULL, NULL, NULL, NULL, NULL, NULL, NULL, NULL, NULL, NULL, NULL, NULL, NULL, NULL);
INSERT INTO `m_pegawai` VALUES (64, '198005062010122001', 'ELLY FUJI LESTARI, AMK', '1225', '0', NULL, NULL, NULL, NULL, NULL, NULL, NULL, NULL, NULL, NULL, NULL, NULL, NULL, NULL, NULL, NULL, NULL);
INSERT INTO `m_pegawai` VALUES (65, '196906081990032001', 'ELLY HOTNIDA GULTOM, SKep,Ners', '1042', '0', NULL, NULL, NULL, NULL, NULL, NULL, NULL, NULL, NULL, NULL, NULL, NULL, NULL, NULL, NULL, NULL, NULL);
INSERT INTO `m_pegawai` VALUES (66, '197506072000032001', 'EMI YUHENI, SKM', '1201', '0', NULL, NULL, NULL, NULL, NULL, NULL, NULL, NULL, NULL, NULL, NULL, NULL, NULL, NULL, NULL, NULL, NULL);
INSERT INTO `m_pegawai` VALUES (67, '197406012006042007', 'ENDANG RETNONINGSIH, SE', '1046', '0', NULL, NULL, NULL, NULL, NULL, NULL, NULL, NULL, NULL, NULL, NULL, NULL, NULL, NULL, NULL, NULL, NULL);
INSERT INTO `m_pegawai` VALUES (68, '198009162005012004', 'ENI NURAENI, AMK', '1242', '0', NULL, NULL, NULL, NULL, NULL, NULL, NULL, NULL, NULL, NULL, NULL, NULL, NULL, NULL, NULL, NULL, NULL);
INSERT INTO `m_pegawai` VALUES (69, '198008282006042003', 'ERA ZULVITA, AMF', '1203', '0', NULL, NULL, NULL, NULL, NULL, NULL, NULL, NULL, NULL, NULL, NULL, NULL, NULL, NULL, NULL, NULL, NULL);
INSERT INTO `m_pegawai` VALUES (70, '195711241989011001', 'ERIE DHARMA IRAWAN, dr, SpKJ,MARS', '1375', '0', NULL, NULL, NULL, NULL, NULL, NULL, NULL, NULL, NULL, NULL, NULL, NULL, NULL, NULL, NULL, NULL, NULL);
INSERT INTO `m_pegawai` VALUES (71, '199405182018012001', 'ERI LALITA DEWANTI', '1411', '0', NULL, NULL, NULL, NULL, NULL, NULL, NULL, NULL, NULL, NULL, NULL, NULL, NULL, NULL, NULL, NULL, NULL);
INSERT INTO `m_pegawai` VALUES (72, '197308082005012001', 'ERLIS VERANIKA PURBA, SSos', '1177', '0', NULL, NULL, NULL, NULL, NULL, NULL, NULL, NULL, NULL, NULL, NULL, NULL, NULL, NULL, NULL, NULL, NULL);
INSERT INTO `m_pegawai` VALUES (73, '198703302011012019', 'ERLITA WUDENGGO, AMK', '1379', '0', NULL, NULL, NULL, NULL, NULL, NULL, NULL, NULL, NULL, NULL, NULL, NULL, NULL, NULL, NULL, NULL, NULL);
INSERT INTO `m_pegawai` VALUES (74, '198307022005012001', 'ERNA NURLIANA SARI, AMG', '1128', '0', NULL, NULL, NULL, NULL, NULL, NULL, NULL, NULL, NULL, NULL, NULL, NULL, NULL, NULL, NULL, NULL, NULL);
INSERT INTO `m_pegawai` VALUES (75, '198009172006042014', 'ESTI PRADEWI, AMD', '1120', '0', NULL, NULL, NULL, NULL, NULL, NULL, NULL, NULL, NULL, NULL, NULL, NULL, NULL, NULL, NULL, NULL, NULL);
INSERT INTO `m_pegawai` VALUES (76, '197912012010122001', 'EUIS SAYYIDAH, AMD', '1368', '0', NULL, NULL, NULL, NULL, NULL, NULL, NULL, NULL, NULL, NULL, NULL, NULL, NULL, NULL, NULL, NULL, NULL);
INSERT INTO `m_pegawai` VALUES (77, '198408252008012005', 'EVA RIYANI, S.Kep, Ners', '1185', '0', NULL, NULL, NULL, NULL, NULL, NULL, NULL, NULL, NULL, NULL, NULL, NULL, NULL, NULL, NULL, NULL, NULL);
INSERT INTO `m_pegawai` VALUES (78, '198002202008121001', 'FAHRIZAL MANDUANSYAH', '1191', '0', NULL, NULL, NULL, NULL, NULL, NULL, NULL, NULL, NULL, NULL, NULL, NULL, NULL, NULL, NULL, NULL, NULL);
INSERT INTO `m_pegawai` VALUES (79, '919830215200702201', 'FAKHRUN NISA, AMF', '1255', '0', NULL, NULL, NULL, NULL, NULL, NULL, NULL, NULL, NULL, NULL, NULL, NULL, NULL, NULL, NULL, NULL, NULL);
INSERT INTO `m_pegawai` VALUES (80, '198212182006041013', 'FAUZIE MAULISA', '1197', '0', NULL, NULL, NULL, NULL, NULL, NULL, NULL, NULL, NULL, NULL, NULL, NULL, NULL, NULL, NULL, NULL, NULL);
INSERT INTO `m_pegawai` VALUES (81, '199002192015032001', 'FEBTIAN PURBANINGRUM, ARM', '1389', '0', NULL, NULL, NULL, NULL, NULL, NULL, NULL, NULL, NULL, NULL, NULL, NULL, NULL, NULL, NULL, NULL, NULL);
INSERT INTO `m_pegawai` VALUES (82, '198401152006042001', 'FINA WIYANDANI, AMK', '1111', '0', NULL, NULL, NULL, NULL, NULL, NULL, NULL, NULL, NULL, NULL, NULL, NULL, NULL, NULL, NULL, NULL, NULL);
INSERT INTO `m_pegawai` VALUES (83, '197110292007101002', 'FIRDAUS KOMARUDIN', '1007', '0', NULL, NULL, NULL, NULL, NULL, NULL, NULL, NULL, NULL, NULL, NULL, NULL, NULL, NULL, NULL, NULL, NULL);
INSERT INTO `m_pegawai` VALUES (84, '197111142001122002', 'FITRIANI SUKRI, dr., MKK', '1363', '0', NULL, NULL, NULL, NULL, NULL, NULL, NULL, NULL, NULL, NULL, NULL, NULL, NULL, NULL, NULL, NULL, NULL);
INSERT INTO `m_pegawai` VALUES (85, '196103181989011002', 'GERALD MARIO SEMEN, dr. Sp.KJ', '1398', '0', NULL, NULL, NULL, NULL, NULL, NULL, NULL, NULL, NULL, NULL, NULL, NULL, NULL, NULL, NULL, NULL, NULL);
INSERT INTO `m_pegawai` VALUES (86, '919830911201304000', 'GIGIH EKA SETIAGUNG', '1336', '0', NULL, NULL, NULL, NULL, NULL, NULL, NULL, NULL, NULL, NULL, NULL, NULL, NULL, NULL, NULL, NULL, NULL);
INSERT INTO `m_pegawai` VALUES (87, '198112282009121001', 'HADI SUCIPTO', '1029', '0', NULL, NULL, NULL, NULL, NULL, NULL, NULL, NULL, NULL, NULL, NULL, NULL, NULL, NULL, NULL, NULL, NULL);
INSERT INTO `m_pegawai` VALUES (88, '197704122006042005', 'HAFRIANTI RACHMANIAR, ARM', '1005', '0', NULL, NULL, NULL, NULL, NULL, NULL, NULL, NULL, NULL, NULL, NULL, NULL, NULL, NULL, NULL, NULL, NULL);
INSERT INTO `m_pegawai` VALUES (89, '196305081992031001', 'HARDISON, Drs, MSi', '1041', '0', NULL, NULL, NULL, NULL, NULL, NULL, NULL, NULL, NULL, NULL, NULL, NULL, NULL, NULL, NULL, NULL, NULL);
INSERT INTO `m_pegawai` VALUES (90, '198007302006041013', 'HARI FERMANSYAH, S.KEP', '1141', '0', NULL, NULL, NULL, NULL, NULL, NULL, NULL, NULL, NULL, NULL, NULL, NULL, NULL, NULL, NULL, NULL, NULL);
INSERT INTO `m_pegawai` VALUES (91, '198202012007011012', 'HARYANTO', '1086', '0', NULL, NULL, NULL, NULL, NULL, NULL, NULL, NULL, NULL, NULL, NULL, NULL, NULL, NULL, NULL, NULL, NULL);
INSERT INTO `m_pegawai` VALUES (92, '196701021988031001', 'HASANUDDIN', '1140', '0', NULL, NULL, NULL, NULL, NULL, NULL, NULL, NULL, NULL, NULL, NULL, NULL, NULL, NULL, NULL, NULL, NULL);
INSERT INTO `m_pegawai` VALUES (93, '196703072007011032', 'HASANUDIN', '1207', '0', NULL, NULL, NULL, NULL, NULL, NULL, NULL, NULL, NULL, NULL, NULL, NULL, NULL, NULL, NULL, NULL, NULL);
INSERT INTO `m_pegawai` VALUES (94, '196406181994032001', 'HENNI SULAWISTIATI, SPd', '1158', '0', NULL, NULL, NULL, NULL, NULL, NULL, NULL, NULL, NULL, NULL, NULL, NULL, NULL, NULL, NULL, NULL, NULL);
INSERT INTO `m_pegawai` VALUES (95, '197908242006041010', 'HERIDIANTO, AMK', '1166', '0', NULL, NULL, NULL, NULL, NULL, NULL, NULL, NULL, NULL, NULL, NULL, NULL, NULL, NULL, NULL, NULL, NULL);
INSERT INTO `m_pegawai` VALUES (96, '198205112007012018', 'Herlina, SE', '1175', '0', NULL, NULL, NULL, NULL, NULL, NULL, NULL, NULL, NULL, NULL, NULL, NULL, NULL, NULL, NULL, NULL, NULL);
INSERT INTO `m_pegawai` VALUES (97, '196906182008011017', 'HERMAWANTO, dr, SpPK', '1183', '0', NULL, NULL, NULL, NULL, NULL, NULL, NULL, NULL, NULL, NULL, NULL, NULL, NULL, NULL, NULL, NULL, NULL);
INSERT INTO `m_pegawai` VALUES (98, '197801172008122002', 'HERNY TARULI TAMBUNAN, dr', '1327', '0', NULL, NULL, NULL, NULL, NULL, NULL, NULL, NULL, NULL, NULL, NULL, NULL, NULL, NULL, NULL, NULL, NULL);
INSERT INTO `m_pegawai` VALUES (99, '198109222002122001', 'HESMIDAYANTI, SKep,Ners', '1153', '0', NULL, NULL, NULL, NULL, NULL, NULL, NULL, NULL, NULL, NULL, NULL, NULL, NULL, NULL, NULL, NULL, NULL);
INSERT INTO `m_pegawai` VALUES (100, '198405272009121002', 'HIDAYATULLAH', '1399', '0', NULL, NULL, NULL, NULL, NULL, NULL, NULL, NULL, NULL, NULL, NULL, NULL, NULL, NULL, NULL, NULL, NULL);
INSERT INTO `m_pegawai` VALUES (101, '198212302005012002', 'HILDA KURNIATI, AMK', '1299', '0', NULL, NULL, NULL, NULL, NULL, NULL, NULL, NULL, NULL, NULL, NULL, NULL, NULL, NULL, NULL, NULL, NULL);
INSERT INTO `m_pegawai` VALUES (102, '199404122018011001', 'HERRY SASMITO AJI', '1410', '0', NULL, NULL, NULL, NULL, NULL, NULL, NULL, NULL, NULL, NULL, NULL, NULL, NULL, NULL, NULL, NULL, NULL);
INSERT INTO `m_pegawai` VALUES (103, '197406052008122001', 'IMELDA INDRIYANI, dr, SpKJ', '1025', '0', NULL, NULL, NULL, NULL, NULL, NULL, NULL, NULL, NULL, NULL, NULL, NULL, NULL, NULL, NULL, NULL, NULL);
INSERT INTO `m_pegawai` VALUES (104, '197601062010012007', 'IMELDA KUSUMANINGRUM, drg', '1338', '0', NULL, NULL, NULL, NULL, NULL, NULL, NULL, NULL, NULL, NULL, NULL, NULL, NULL, NULL, NULL, NULL, NULL);
INSERT INTO `m_pegawai` VALUES (105, '197609092014122001', 'IMELDA WIJAYA, dr, SpKJ', '1083', '0', NULL, NULL, NULL, NULL, NULL, NULL, NULL, NULL, NULL, NULL, NULL, NULL, NULL, NULL, NULL, NULL, NULL);
INSERT INTO `m_pegawai` VALUES (106, '198803282015032001', 'INE MARSENDRA AMALIA, SKM', '1382', '0', NULL, NULL, NULL, NULL, NULL, NULL, NULL, NULL, NULL, NULL, NULL, NULL, NULL, NULL, NULL, NULL, NULL);
INSERT INTO `m_pegawai` VALUES (107, '197610102009122001', 'IRA OKTORA DWI ARTATI, MPsi', '1319', '0', NULL, NULL, NULL, NULL, NULL, NULL, NULL, NULL, NULL, NULL, NULL, NULL, NULL, NULL, NULL, NULL, NULL);
INSERT INTO `m_pegawai` VALUES (108, '919860313201403101', 'IRFAN ANAS', '1325', '0', NULL, NULL, NULL, NULL, NULL, NULL, NULL, NULL, NULL, NULL, NULL, NULL, NULL, NULL, NULL, NULL, NULL);
INSERT INTO `m_pegawai` VALUES (109, '196805031990021001', 'ISKANDAR ZUARSAH, AMR', '1040', '0', NULL, NULL, NULL, NULL, NULL, NULL, NULL, NULL, NULL, NULL, NULL, NULL, NULL, NULL, NULL, NULL, NULL);
INSERT INTO `m_pegawai` VALUES (110, '197704252007012019', 'ITA SETIANINGSIH', '1126', '0', NULL, NULL, NULL, NULL, NULL, NULL, NULL, NULL, NULL, NULL, NULL, NULL, NULL, NULL, NULL, NULL, NULL);
INSERT INTO `m_pegawai` VALUES (111, '198008212010122002', 'IVO YOLANDA, SSos', '1365', '0', NULL, NULL, NULL, NULL, NULL, NULL, NULL, NULL, NULL, NULL, NULL, NULL, NULL, NULL, NULL, NULL, NULL);
INSERT INTO `m_pegawai` VALUES (112, '197703072008121002', 'IWAN SETIYAWAN', '1094', '0', NULL, NULL, NULL, NULL, NULL, NULL, NULL, NULL, NULL, NULL, NULL, NULL, NULL, NULL, NULL, NULL, NULL);
INSERT INTO `m_pegawai` VALUES (113, '919810201201309101', 'JAMALUDIN SOLIHIN', '1343', '0', NULL, NULL, NULL, NULL, NULL, NULL, NULL, NULL, NULL, NULL, NULL, NULL, NULL, NULL, NULL, NULL, NULL);
INSERT INTO `m_pegawai` VALUES (114, '198006102008121001', 'JOSEP MOLANA HIDAYAT, AMd', '1396', '0', NULL, NULL, NULL, NULL, NULL, NULL, NULL, NULL, NULL, NULL, NULL, NULL, NULL, NULL, NULL, NULL, NULL);
INSERT INTO `m_pegawai` VALUES (115, '198403232005012001', 'JUWITA ASHARINA, Skep', '1135', '0', NULL, NULL, NULL, NULL, NULL, NULL, NULL, NULL, NULL, NULL, NULL, NULL, NULL, NULL, NULL, NULL, NULL);
INSERT INTO `m_pegawai` VALUES (116, '197106162007011027', 'KARIM', '1049', '0', NULL, NULL, NULL, NULL, NULL, NULL, NULL, NULL, NULL, NULL, NULL, NULL, NULL, NULL, NULL, NULL, NULL);
INSERT INTO `m_pegawai` VALUES (117, '197605251998031002', 'KARSIM WITARSA, SKep', '1010', '0', NULL, NULL, NULL, NULL, NULL, NULL, NULL, NULL, NULL, NULL, NULL, NULL, NULL, NULL, NULL, NULL, NULL);
INSERT INTO `m_pegawai` VALUES (118, '919810324201409101', 'KHARISMA ARDI NEGARA', '1048', '0', NULL, NULL, NULL, NULL, NULL, NULL, NULL, NULL, NULL, NULL, NULL, NULL, NULL, NULL, NULL, NULL, NULL);
INSERT INTO `m_pegawai` VALUES (119, '198305062008122002', 'KHOERUL JANNAH, AMK', '1016', '0', NULL, NULL, NULL, NULL, NULL, NULL, NULL, NULL, NULL, NULL, NULL, NULL, NULL, NULL, NULL, NULL, NULL);
INSERT INTO `m_pegawai` VALUES (120, '198005232005012003', 'LANNANIDA LUBIS, AMK', '1130', '0', NULL, NULL, NULL, NULL, NULL, NULL, NULL, NULL, NULL, NULL, NULL, NULL, NULL, NULL, NULL, NULL, NULL);
INSERT INTO `m_pegawai` VALUES (121, '919790314200801101', 'LATIF BUDIMAN', '1214', '0', NULL, NULL, NULL, NULL, NULL, NULL, NULL, NULL, NULL, NULL, NULL, NULL, NULL, NULL, NULL, NULL, NULL);
INSERT INTO `m_pegawai` VALUES (122, '198108122008012014', 'LIA AGUSTIAN, AMK', '1217', '0', NULL, NULL, NULL, NULL, NULL, NULL, NULL, NULL, NULL, NULL, NULL, NULL, NULL, NULL, NULL, NULL, NULL);
INSERT INTO `m_pegawai` VALUES (123, '198105312002122001', 'LIANA YOESTIN ISMOYOWATI, Skep, Ners', '1143', '0', NULL, NULL, NULL, NULL, NULL, NULL, NULL, NULL, NULL, NULL, NULL, NULL, NULL, NULL, NULL, NULL, NULL);
INSERT INTO `m_pegawai` VALUES (124, '198510302008122002', 'LUKITA PURNAMASARI, S.Kep, Ners', '1173', '0', NULL, NULL, NULL, NULL, NULL, NULL, NULL, NULL, NULL, NULL, NULL, NULL, NULL, NULL, NULL, NULL, NULL);
INSERT INTO `m_pegawai` VALUES (125, '198111062008121001', 'LUKMAN HERAWAN, AMK', '1018', '0', NULL, NULL, NULL, NULL, NULL, NULL, NULL, NULL, NULL, NULL, NULL, NULL, NULL, NULL, NULL, NULL, NULL);
INSERT INTO `m_pegawai` VALUES (126, '198401292018012001', 'LASTNY WIDYASARI, dr', '1409', '0', NULL, NULL, NULL, NULL, NULL, NULL, NULL, NULL, NULL, NULL, NULL, NULL, NULL, NULL, NULL, NULL, NULL);
INSERT INTO `m_pegawai` VALUES (127, '198606102010042001', 'LAMTIURMA ANASTASYA YUNIANTI SIMANJUNTAK, SPpi', '1405', '0', NULL, NULL, NULL, NULL, NULL, NULL, NULL, NULL, NULL, NULL, NULL, NULL, NULL, NULL, NULL, NULL, NULL);
INSERT INTO `m_pegawai` VALUES (128, '199107122018011001', 'LUQMAN AMINUDDIN, AMK', '1419', '0', NULL, NULL, NULL, NULL, NULL, NULL, NULL, NULL, NULL, NULL, NULL, NULL, NULL, NULL, NULL, NULL, NULL);
INSERT INTO `m_pegawai` VALUES (129, '197611122006041004', 'MMOH ARIF UJIANTO, AMK', '1001', '0', NULL, NULL, NULL, NULL, NULL, NULL, NULL, NULL, NULL, NULL, NULL, NULL, NULL, NULL, NULL, NULL, NULL);
INSERT INTO `m_pegawai` VALUES (130, '919771213201801201', 'MARIA DEASY NATHALIA', '1421', '0', NULL, NULL, NULL, NULL, NULL, NULL, NULL, NULL, NULL, NULL, NULL, NULL, NULL, NULL, NULL, NULL, NULL);
INSERT INTO `m_pegawai` VALUES (131, '197312282007011021', 'MARWAJI', '1106', '0', NULL, NULL, NULL, NULL, NULL, NULL, NULL, NULL, NULL, NULL, NULL, NULL, NULL, NULL, NULL, NULL, NULL);
INSERT INTO `m_pegawai` VALUES (132, '919780516201101201', 'MARWATI TRI ATMAJA, Amk', '1326', '0', NULL, NULL, NULL, NULL, NULL, NULL, NULL, NULL, NULL, NULL, NULL, NULL, NULL, NULL, NULL, NULL, NULL);
INSERT INTO `m_pegawai` VALUES (133, '199103252018011001', 'MARTIN ROMADONA, S Kep, Ners', '1415', '0', NULL, NULL, NULL, NULL, NULL, NULL, NULL, NULL, NULL, NULL, NULL, NULL, NULL, NULL, NULL, NULL, NULL);
INSERT INTO `m_pegawai` VALUES (134, '197604132005012001', 'MELINA FRANSISCA, AMK', '1258', '0', NULL, NULL, NULL, NULL, NULL, NULL, NULL, NULL, NULL, NULL, NULL, NULL, NULL, NULL, NULL, NULL, NULL);
INSERT INTO `m_pegawai` VALUES (135, '197707292001122002', 'MERI SUZANA, AAK', '1244', '0', NULL, NULL, NULL, NULL, NULL, NULL, NULL, NULL, NULL, NULL, NULL, NULL, NULL, NULL, NULL, NULL, NULL);
INSERT INTO `m_pegawai` VALUES (136, '197112041995032001', 'MINARNI, AMG', '1058', '0', NULL, NULL, NULL, NULL, NULL, NULL, NULL, NULL, NULL, NULL, NULL, NULL, NULL, NULL, NULL, NULL, NULL);
INSERT INTO `m_pegawai` VALUES (137, '198406042009122002', 'MINTARIA LASE, SE, MM', '1277', '0', NULL, NULL, NULL, NULL, NULL, NULL, NULL, NULL, NULL, NULL, NULL, NULL, NULL, NULL, NULL, NULL, NULL);
INSERT INTO `m_pegawai` VALUES (138, '919801101201304101', 'MISBAKH YUSUF', '1098', '0', NULL, NULL, NULL, NULL, NULL, NULL, NULL, NULL, NULL, NULL, NULL, NULL, NULL, NULL, NULL, NULL, NULL);
INSERT INTO `m_pegawai` VALUES (139, '197909202005011002', 'MOHAMMAD ARIEF HIDAYAT, SKep', '1081', '0', NULL, NULL, NULL, NULL, NULL, NULL, NULL, NULL, NULL, NULL, NULL, NULL, NULL, NULL, NULL, NULL, NULL);
INSERT INTO `m_pegawai` VALUES (140, '919821023201801101', 'MOHAMMAD RIZKY FERDY', '1422', '0', NULL, NULL, NULL, NULL, NULL, NULL, NULL, NULL, NULL, NULL, NULL, NULL, NULL, NULL, NULL, NULL, NULL);
INSERT INTO `m_pegawai` VALUES (141, '198108282008122002', 'MONA TRI RIZKI, dr', '1346', '0', NULL, NULL, NULL, NULL, NULL, NULL, NULL, NULL, NULL, NULL, NULL, NULL, NULL, NULL, NULL, NULL, NULL);
INSERT INTO `m_pegawai` VALUES (142, '198303302006042003', 'MU MINAH, SKep', '1026', '0', NULL, NULL, NULL, NULL, NULL, NULL, NULL, NULL, NULL, NULL, NULL, NULL, NULL, NULL, NULL, NULL, NULL);
INSERT INTO `m_pegawai` VALUES (143, '198308122008121002', 'MUHAMMAD DANY FERY AZIAN, AMK', '1219', '0', NULL, NULL, NULL, NULL, NULL, NULL, NULL, NULL, NULL, NULL, NULL, NULL, NULL, NULL, NULL, NULL, NULL);
INSERT INTO `m_pegawai` VALUES (144, '919830131201304101', 'MUHAMMAD RAHMAN', '1150', '0', NULL, NULL, NULL, NULL, NULL, NULL, NULL, NULL, NULL, NULL, NULL, NULL, NULL, NULL, NULL, NULL, NULL);
INSERT INTO `m_pegawai` VALUES (145, '197805092005011001', 'MUHAMMAD YUSUF EFFENDI, AMK', '1194', '0', NULL, NULL, NULL, NULL, NULL, NULL, NULL, NULL, NULL, NULL, NULL, NULL, NULL, NULL, NULL, NULL, NULL);
INSERT INTO `m_pegawai` VALUES (146, '919650608200801101', 'MULYONO', '1101', '0', NULL, NULL, NULL, NULL, NULL, NULL, NULL, NULL, NULL, NULL, NULL, NULL, NULL, NULL, NULL, NULL, NULL);
INSERT INTO `m_pegawai` VALUES (147, '197201172007101003', 'NANA SUDARTANA', '1294', '0', NULL, NULL, NULL, NULL, NULL, NULL, NULL, NULL, NULL, NULL, NULL, NULL, NULL, NULL, NULL, NULL, NULL);
INSERT INTO `m_pegawai` VALUES (148, '197309052006042006', 'NASIYAH, S.Kep, Ners', '1291', '0', NULL, NULL, NULL, NULL, NULL, NULL, NULL, NULL, NULL, NULL, NULL, NULL, NULL, NULL, NULL, NULL, NULL);
INSERT INTO `m_pegawai` VALUES (149, '919790517201304101', 'NASRUL SYARIFUYDIN', '1337', '0', NULL, NULL, NULL, NULL, NULL, NULL, NULL, NULL, NULL, NULL, NULL, NULL, NULL, NULL, NULL, NULL, NULL);
INSERT INTO `m_pegawai` VALUES (150, '198301282015032001', 'NELLY, SE', '1384', '0', NULL, NULL, NULL, NULL, NULL, NULL, NULL, NULL, NULL, NULL, NULL, NULL, NULL, NULL, NULL, NULL, NULL);
INSERT INTO `m_pegawai` VALUES (151, '196704231989032001', 'NGATISAH', '1178', '0', NULL, NULL, NULL, NULL, NULL, NULL, NULL, NULL, NULL, NULL, NULL, NULL, NULL, NULL, NULL, NULL, NULL);
INSERT INTO `m_pegawai` VALUES (152, '199010302018012001', 'NILA SOSWITA YUSUF, dr', '1417', '0', NULL, NULL, NULL, NULL, NULL, NULL, NULL, NULL, NULL, NULL, NULL, NULL, NULL, NULL, NULL, NULL, NULL);
INSERT INTO `m_pegawai` VALUES (153, '197207242014121001', 'NIMUN', '1030', '0', NULL, NULL, NULL, NULL, NULL, NULL, NULL, NULL, NULL, NULL, NULL, NULL, NULL, NULL, NULL, NULL, NULL);
INSERT INTO `m_pegawai` VALUES (154, '198311212007012006', 'NOVI YANTI PERDANA PUTRI, S.Kep, Ners', '1002', '0', NULL, NULL, NULL, NULL, NULL, NULL, NULL, NULL, NULL, NULL, NULL, NULL, NULL, NULL, NULL, NULL, NULL);
INSERT INTO `m_pegawai` VALUES (155, '198311102009122001', 'NOVIA PUSPA NURHAYATI, SE', '1318', '0', NULL, NULL, NULL, NULL, NULL, NULL, NULL, NULL, NULL, NULL, NULL, NULL, NULL, NULL, NULL, NULL, NULL);
INSERT INTO `m_pegawai` VALUES (156, '919810922201101201', 'NUR AZIZAH, SSos', '1167', '0', NULL, NULL, NULL, NULL, NULL, NULL, NULL, NULL, NULL, NULL, NULL, NULL, NULL, NULL, NULL, NULL, NULL);
INSERT INTO `m_pegawai` VALUES (157, '197905222008121001', 'NUR CAHYONO, SE', '1102', '0', NULL, NULL, NULL, NULL, NULL, NULL, NULL, NULL, NULL, NULL, NULL, NULL, NULL, NULL, NULL, NULL, NULL);
INSERT INTO `m_pegawai` VALUES (158, '197907211998032001', 'NUR\'AINI MUSLIKHA,SE', '1171', '0', NULL, NULL, NULL, NULL, NULL, NULL, NULL, NULL, NULL, NULL, NULL, NULL, NULL, NULL, NULL, NULL, NULL);
INSERT INTO `m_pegawai` VALUES (159, '919830228201602101', 'NURDHA', '1356', '0', NULL, NULL, NULL, NULL, NULL, NULL, NULL, NULL, NULL, NULL, NULL, NULL, NULL, NULL, NULL, NULL, NULL);
INSERT INTO `m_pegawai` VALUES (160, '198203162008122002', 'NURHAYATI, AMK', '1220', '0', NULL, NULL, NULL, NULL, NULL, NULL, NULL, NULL, NULL, NULL, NULL, NULL, NULL, NULL, NULL, NULL, NULL);
INSERT INTO `m_pegawai` VALUES (161, '197604162007011019', 'NURJAYA', '1116', '0', NULL, NULL, NULL, NULL, NULL, NULL, NULL, NULL, NULL, NULL, NULL, NULL, NULL, NULL, NULL, NULL, NULL);
INSERT INTO `m_pegawai` VALUES (162, '197805312006042013', 'NURMAYA SIMANJUNTAK, AMK', '1097', '0', NULL, NULL, NULL, NULL, NULL, NULL, NULL, NULL, NULL, NULL, NULL, NULL, NULL, NULL, NULL, NULL, NULL);
INSERT INTO `m_pegawai` VALUES (163, '198901262010122000', 'NURSANTI, AMD', '1364', '0', NULL, NULL, NULL, NULL, NULL, NULL, NULL, NULL, NULL, NULL, NULL, NULL, NULL, NULL, NULL, NULL, NULL);
INSERT INTO `m_pegawai` VALUES (164, '198405132006042001', 'NURWAHIDAH HASAN, AMK', '1182', '0', NULL, NULL, NULL, NULL, NULL, NULL, NULL, NULL, NULL, NULL, NULL, NULL, NULL, NULL, NULL, NULL, NULL);
INSERT INTO `m_pegawai` VALUES (165, '919650725201701101', 'NURWIYANTO', '1401', '0', NULL, NULL, NULL, NULL, NULL, NULL, NULL, NULL, NULL, NULL, NULL, NULL, NULL, NULL, NULL, NULL, NULL);
INSERT INTO `m_pegawai` VALUES (166, '919671125201701101', 'NYONO', '1400', '0', NULL, NULL, NULL, NULL, NULL, NULL, NULL, NULL, NULL, NULL, NULL, NULL, NULL, NULL, NULL, NULL, NULL);
INSERT INTO `m_pegawai` VALUES (167, '196111281989032001', 'NURYALIS, Dra, Apt', '1227', '0', NULL, NULL, NULL, NULL, NULL, NULL, NULL, NULL, NULL, NULL, NULL, NULL, NULL, NULL, NULL, NULL, NULL);
INSERT INTO `m_pegawai` VALUES (168, '197110112014121001', 'OKTO BERLIANSJAH JUSTAM', '1211', '0', NULL, NULL, NULL, NULL, NULL, NULL, NULL, NULL, NULL, NULL, NULL, NULL, NULL, NULL, NULL, NULL, NULL);
INSERT INTO `m_pegawai` VALUES (169, '198310262007101002', 'OKTA ADE PUTRA', '1064', '0', NULL, NULL, NULL, NULL, NULL, NULL, NULL, NULL, NULL, NULL, NULL, NULL, NULL, NULL, NULL, NULL, NULL);
INSERT INTO `m_pegawai` VALUES (170, '197510212005011010', 'OKTA MUSTIKALLAH, SKep', '1008', '0', NULL, NULL, NULL, NULL, NULL, NULL, NULL, NULL, NULL, NULL, NULL, NULL, NULL, NULL, NULL, NULL, NULL);
INSERT INTO `m_pegawai` VALUES (171, '196903121994031003', 'PAINA', '1236', '0', NULL, NULL, NULL, NULL, NULL, NULL, NULL, NULL, NULL, NULL, NULL, NULL, NULL, NULL, NULL, NULL, NULL);
INSERT INTO `m_pegawai` VALUES (172, '198110222006042014', 'Poppy Ellysa, S.Sos', '1161', '0', NULL, NULL, NULL, NULL, NULL, NULL, NULL, NULL, NULL, NULL, NULL, NULL, NULL, NULL, NULL, NULL, NULL);
INSERT INTO `m_pegawai` VALUES (173, '919850416201201101', 'PRIBOWO EGIADI YUSKA', '1288', '0', NULL, NULL, NULL, NULL, NULL, NULL, NULL, NULL, NULL, NULL, NULL, NULL, NULL, NULL, NULL, NULL, NULL);
INSERT INTO `m_pegawai` VALUES (174, '198109252015031001', 'PRYANDOKO', '1386', '0', NULL, NULL, NULL, NULL, NULL, NULL, NULL, NULL, NULL, NULL, NULL, NULL, NULL, NULL, NULL, NULL, NULL);
INSERT INTO `m_pegawai` VALUES (175, '196611291998032002', 'PUSPAWATI, AMK', '1176', '0', NULL, NULL, NULL, NULL, NULL, NULL, NULL, NULL, NULL, NULL, NULL, NULL, NULL, NULL, NULL, NULL, NULL);
INSERT INTO `m_pegawai` VALUES (176, '197203141995031001', 'R YUDI MAHATMANTO', '1109', '0', NULL, NULL, NULL, NULL, NULL, NULL, NULL, NULL, NULL, NULL, NULL, NULL, NULL, NULL, NULL, NULL, NULL);
INSERT INTO `m_pegawai` VALUES (177, '197604052006042001', 'R SHANTI, SE', '1392', '0', NULL, NULL, NULL, NULL, NULL, NULL, NULL, NULL, NULL, NULL, NULL, NULL, NULL, NULL, NULL, NULL, NULL);
INSERT INTO `m_pegawai` VALUES (178, '197608072000032001', 'RAHMAWATY RAIS, AMG', '1163', '0', NULL, NULL, NULL, NULL, NULL, NULL, NULL, NULL, NULL, NULL, NULL, NULL, NULL, NULL, NULL, NULL, NULL);
INSERT INTO `m_pegawai` VALUES (179, '196412121988031003', 'RAMLI', '1187', '0', NULL, NULL, NULL, NULL, NULL, NULL, NULL, NULL, NULL, NULL, NULL, NULL, NULL, NULL, NULL, NULL, NULL);
INSERT INTO `m_pegawai` VALUES (180, '197406042002122002', 'RATNA DEWI, Skep', '1028', '0', NULL, NULL, NULL, NULL, NULL, NULL, NULL, NULL, NULL, NULL, NULL, NULL, NULL, NULL, NULL, NULL, NULL);
INSERT INTO `m_pegawai` VALUES (181, '197511141997032001', 'RATNA LYS UTAMI, AMR', '1037', '0', NULL, NULL, NULL, NULL, NULL, NULL, NULL, NULL, NULL, NULL, NULL, NULL, NULL, NULL, NULL, NULL, NULL);
INSERT INTO `m_pegawai` VALUES (182, '197909062010122003', 'RESTU DEWIYANTI, AMD', '1369', '0', NULL, NULL, NULL, NULL, NULL, NULL, NULL, NULL, NULL, NULL, NULL, NULL, NULL, NULL, NULL, NULL, NULL);
INSERT INTO `m_pegawai` VALUES (183, '198904202014022002', 'RESTY DIAN SAFITRI, SE', '1351', '0', NULL, NULL, NULL, NULL, NULL, NULL, NULL, NULL, NULL, NULL, NULL, NULL, NULL, NULL, NULL, NULL, NULL);
INSERT INTO `m_pegawai` VALUES (184, '198508162008012005', 'RETNO HAYUNINGTYAS, AMK', '1292', '0', NULL, NULL, NULL, NULL, NULL, NULL, NULL, NULL, NULL, NULL, NULL, NULL, NULL, NULL, NULL, NULL, NULL);
INSERT INTO `m_pegawai` VALUES (185, '919891022201304201', 'RETNO WAHYUNI WULANDARI', '1341', '0', NULL, NULL, NULL, NULL, NULL, NULL, NULL, NULL, NULL, NULL, NULL, NULL, NULL, NULL, NULL, NULL, NULL);
INSERT INTO `m_pegawai` VALUES (186, '919840916202002000', 'BUDI SUFIYANTO, S.T', '1445', '0', NULL, NULL, NULL, NULL, NULL, NULL, NULL, NULL, NULL, NULL, NULL, NULL, NULL, NULL, NULL, NULL, NULL);
INSERT INTO `m_pegawai` VALUES (187, '197108152002122001', 'RITA KESUMA, dr, SpPP', '1330', '0', NULL, NULL, NULL, NULL, NULL, NULL, NULL, NULL, NULL, NULL, NULL, NULL, NULL, NULL, NULL, NULL, NULL);
INSERT INTO `m_pegawai` VALUES (188, '198409212010122002', 'RINA WIWITA, AMK', '1403', '0', NULL, NULL, NULL, NULL, NULL, NULL, NULL, NULL, NULL, NULL, NULL, NULL, NULL, NULL, NULL, NULL, NULL);
INSERT INTO `m_pegawai` VALUES (189, '198009262008011008', 'RIZAL TOTO SEPTANAPRANA, AAK', '1024', '0', NULL, NULL, NULL, NULL, NULL, NULL, NULL, NULL, NULL, NULL, NULL, NULL, NULL, NULL, NULL, NULL, NULL);
INSERT INTO `m_pegawai` VALUES (190, '197804032002122002', 'ROH HAYATI, AMK', '1303', '0', NULL, NULL, NULL, NULL, NULL, NULL, NULL, NULL, NULL, NULL, NULL, NULL, NULL, NULL, NULL, NULL, NULL);
INSERT INTO `m_pegawai` VALUES (191, '197403301995032001', 'ROHANI MARTHA MARGARETHA', '1059', '0', NULL, NULL, NULL, NULL, NULL, NULL, NULL, NULL, NULL, NULL, NULL, NULL, NULL, NULL, NULL, NULL, NULL);
INSERT INTO `m_pegawai` VALUES (192, '197101181990012001', 'ROSDIANA PANGARIBUAN, SST', '1406', '0', NULL, NULL, NULL, NULL, NULL, NULL, NULL, NULL, NULL, NULL, NULL, NULL, NULL, NULL, NULL, NULL, NULL);
INSERT INTO `m_pegawai` VALUES (193, '197607282006041009', 'RULI DARMAWAN', '1060', '0', NULL, NULL, NULL, NULL, NULL, NULL, NULL, NULL, NULL, NULL, NULL, NULL, NULL, NULL, NULL, NULL, NULL);
INSERT INTO `m_pegawai` VALUES (194, '197805222008121001', 'RUSDIYANTO', '1193', '0', NULL, NULL, NULL, NULL, NULL, NULL, NULL, NULL, NULL, NULL, NULL, NULL, NULL, NULL, NULL, NULL, NULL);
INSERT INTO `m_pegawai` VALUES (195, '199205102018012001', 'RUSMAI TRIASWATI, SKep, Ners', '1414', '0', NULL, NULL, NULL, NULL, NULL, NULL, NULL, NULL, NULL, NULL, NULL, NULL, NULL, NULL, NULL, NULL, NULL);
INSERT INTO `m_pegawai` VALUES (196, '197901102006042014', 'RUT JENTIA PANGGABEAN, AMK', '1229', '0', NULL, NULL, NULL, NULL, NULL, NULL, NULL, NULL, NULL, NULL, NULL, NULL, NULL, NULL, NULL, NULL, NULL);
INSERT INTO `m_pegawai` VALUES (197, '919850220201801101', 'RUVY FEBRIANDY', '1423', '0', NULL, NULL, NULL, NULL, NULL, NULL, NULL, NULL, NULL, NULL, NULL, NULL, NULL, NULL, NULL, NULL, NULL);
INSERT INTO `m_pegawai` VALUES (198, '198511182008121001', 'SAEPUDIN, AMK', '1232', '0', NULL, NULL, NULL, NULL, NULL, NULL, NULL, NULL, NULL, NULL, NULL, NULL, NULL, NULL, NULL, NULL, NULL);
INSERT INTO `m_pegawai` VALUES (199, '197607272009122002', 'SANTI LILIANI, SE, MM', '1431', '0', NULL, NULL, NULL, NULL, NULL, NULL, NULL, NULL, NULL, NULL, NULL, NULL, NULL, NULL, NULL, NULL, NULL);
INSERT INTO `m_pegawai` VALUES (200, '198306262005012001', 'SARI WIJAYANTI, SKM', '1057', '0', NULL, NULL, NULL, NULL, NULL, NULL, NULL, NULL, NULL, NULL, NULL, NULL, NULL, NULL, NULL, NULL, NULL);
INSERT INTO `m_pegawai` VALUES (201, '196603242006041001', 'SARWADI', '1088', '0', NULL, NULL, NULL, NULL, NULL, NULL, NULL, NULL, NULL, NULL, NULL, NULL, NULL, NULL, NULL, NULL, NULL);
INSERT INTO `m_pegawai` VALUES (202, '196706042007011044', 'SATIRI', '1104', '0', NULL, NULL, NULL, NULL, NULL, NULL, NULL, NULL, NULL, NULL, NULL, NULL, NULL, NULL, NULL, NULL, NULL);
INSERT INTO `m_pegawai` VALUES (203, '198002212008012010', 'SEFRI SANTY, AMK', '1230', '0', NULL, NULL, NULL, NULL, NULL, NULL, NULL, NULL, NULL, NULL, NULL, NULL, NULL, NULL, NULL, NULL, NULL);
INSERT INTO `m_pegawai` VALUES (204, '197511112008121003', 'SENGGONO', '1003', '0', NULL, NULL, NULL, NULL, NULL, NULL, NULL, NULL, NULL, NULL, NULL, NULL, NULL, NULL, NULL, NULL, NULL);
INSERT INTO `m_pegawai` VALUES (205, '198810262014022002', 'SILVI AMALIA, SKM', '1349', '0', NULL, NULL, NULL, NULL, NULL, NULL, NULL, NULL, NULL, NULL, NULL, NULL, NULL, NULL, NULL, NULL, NULL);
INSERT INTO `m_pegawai` VALUES (206, '198608262005012001', 'SITA FITRIA NURINTA', '1076', '0', NULL, NULL, NULL, NULL, NULL, NULL, NULL, NULL, NULL, NULL, NULL, NULL, NULL, NULL, NULL, NULL, NULL);
INSERT INTO `m_pegawai` VALUES (207, '919631213200901101', 'SLAMET RIYADI', '1062', '0', NULL, NULL, NULL, NULL, NULL, NULL, NULL, NULL, NULL, NULL, NULL, NULL, NULL, NULL, NULL, NULL, NULL);
INSERT INTO `m_pegawai` VALUES (208, '197007262007102002', 'SOLIKHATUL ASMAH', '1296', '0', NULL, NULL, NULL, NULL, NULL, NULL, NULL, NULL, NULL, NULL, NULL, NULL, NULL, NULL, NULL, NULL, NULL);
INSERT INTO `m_pegawai` VALUES (209, '197411301997032001', 'SRI FRISKA HERAWATI SINURAT, AAK', '1260', '0', NULL, NULL, NULL, NULL, NULL, NULL, NULL, NULL, NULL, NULL, NULL, NULL, NULL, NULL, NULL, NULL, NULL);
INSERT INTO `m_pegawai` VALUES (210, '197307032000032002', 'SRI LESTARI, SKep', '1251', '0', NULL, NULL, NULL, NULL, NULL, NULL, NULL, NULL, NULL, NULL, NULL, NULL, NULL, NULL, NULL, NULL, NULL);
INSERT INTO `m_pegawai` VALUES (211, '197809082006042015', 'SRI MULYANI, AMK', '1184', '0', NULL, NULL, NULL, NULL, NULL, NULL, NULL, NULL, NULL, NULL, NULL, NULL, NULL, NULL, NULL, NULL, NULL);
INSERT INTO `m_pegawai` VALUES (212, '196607021988032001', 'SRI NURHAYATI, SE', '1122', '0', NULL, NULL, NULL, NULL, NULL, NULL, NULL, NULL, NULL, NULL, NULL, NULL, NULL, NULL, NULL, NULL, NULL);
INSERT INTO `m_pegawai` VALUES (213, '196802271991032001', 'SRI SUHARNI, SE', '1004', '0', NULL, NULL, NULL, NULL, NULL, NULL, NULL, NULL, NULL, NULL, NULL, NULL, NULL, NULL, NULL, NULL, NULL);
INSERT INTO `m_pegawai` VALUES (214, '197006031994032004', 'SUANAH', '1156', '0', NULL, NULL, NULL, NULL, NULL, NULL, NULL, NULL, NULL, NULL, NULL, NULL, NULL, NULL, NULL, NULL, NULL);
INSERT INTO `m_pegawai` VALUES (215, '196503041991031002', 'SUHANDA', '1034', '0', NULL, NULL, NULL, NULL, NULL, NULL, NULL, NULL, NULL, NULL, NULL, NULL, NULL, NULL, NULL, NULL, NULL);
INSERT INTO `m_pegawai` VALUES (216, '919750919201101101', 'SUHARTO ELHAKIM', '1331', '0', NULL, NULL, NULL, NULL, NULL, NULL, NULL, NULL, NULL, NULL, NULL, NULL, NULL, NULL, NULL, NULL, NULL);
INSERT INTO `m_pegawai` VALUES (217, '196910031997031001', 'SUMARDIYONO, AmAK', '1036', '0', NULL, NULL, NULL, NULL, NULL, NULL, NULL, NULL, NULL, NULL, NULL, NULL, NULL, NULL, NULL, NULL, NULL);
INSERT INTO `m_pegawai` VALUES (218, '197508132008012010', 'SUMIHAR ROMA ANDRIANY, SE', '1310', '0', NULL, NULL, NULL, NULL, NULL, NULL, NULL, NULL, NULL, NULL, NULL, NULL, NULL, NULL, NULL, NULL, NULL);
INSERT INTO `m_pegawai` VALUES (219, '919640419201101101', 'SUNARDI', '1295', '0', NULL, NULL, NULL, NULL, NULL, NULL, NULL, NULL, NULL, NULL, NULL, NULL, NULL, NULL, NULL, NULL, NULL);
INSERT INTO `m_pegawai` VALUES (220, '198204102008012010', 'SUNDARI, AMK', '1152', '0', NULL, NULL, NULL, NULL, NULL, NULL, NULL, NULL, NULL, NULL, NULL, NULL, NULL, NULL, NULL, NULL, NULL);
INSERT INTO `m_pegawai` VALUES (221, '196205041989062001', 'SUNIARLENI, dr, SpRM', '1132', '0', NULL, NULL, NULL, NULL, NULL, NULL, NULL, NULL, NULL, NULL, NULL, NULL, NULL, NULL, NULL, NULL, NULL);
INSERT INTO `m_pegawai` VALUES (222, '197505231997032001', 'SUPRIYANTI', '1198', '0', NULL, NULL, NULL, NULL, NULL, NULL, NULL, NULL, NULL, NULL, NULL, NULL, NULL, NULL, NULL, NULL, NULL);
INSERT INTO `m_pegawai` VALUES (223, '196511082002121001', 'SURYA UDARIANTO, dr', '1268', '0', NULL, NULL, NULL, NULL, NULL, NULL, NULL, NULL, NULL, NULL, NULL, NULL, NULL, NULL, NULL, NULL, NULL);
INSERT INTO `m_pegawai` VALUES (224, '196907241990032001', 'SURYANTI', '1044', '0', NULL, NULL, NULL, NULL, NULL, NULL, NULL, NULL, NULL, NULL, NULL, NULL, NULL, NULL, NULL, NULL, NULL);
INSERT INTO `m_pegawai` VALUES (225, '197501302008121001', 'SUWARNO', '1096', '0', NULL, NULL, NULL, NULL, NULL, NULL, NULL, NULL, NULL, NULL, NULL, NULL, NULL, NULL, NULL, NULL, NULL);
INSERT INTO `m_pegawai` VALUES (226, '919850530201204101', 'SUYONO, SE', '1320', '0', NULL, NULL, NULL, NULL, NULL, NULL, NULL, NULL, NULL, NULL, NULL, NULL, NULL, NULL, NULL, NULL, NULL);
INSERT INTO `m_pegawai` VALUES (227, '198203222009121002', 'SYARIEF HIDAYAT', '1113', '0', NULL, NULL, NULL, NULL, NULL, NULL, NULL, NULL, NULL, NULL, NULL, NULL, NULL, NULL, NULL, NULL, NULL);
INSERT INTO `m_pegawai` VALUES (228, '197803272005012002', 'SYARIFAH, AMK', '1355', '0', NULL, NULL, NULL, NULL, NULL, NULL, NULL, NULL, NULL, NULL, NULL, NULL, NULL, NULL, NULL, NULL, NULL);
INSERT INTO `m_pegawai` VALUES (229, '196512131991031003', 'SYARIFUDDIN, SSos', '1057', '0', NULL, NULL, NULL, NULL, NULL, NULL, NULL, NULL, NULL, NULL, NULL, NULL, NULL, NULL, NULL, NULL, NULL);
INSERT INTO `m_pegawai` VALUES (230, '197810232006041010', 'SYARIFUDIN', '1134', '0', NULL, NULL, NULL, NULL, NULL, NULL, NULL, NULL, NULL, NULL, NULL, NULL, NULL, NULL, NULL, NULL, NULL);
INSERT INTO `m_pegawai` VALUES (231, '919830202200801101', 'TATANG TARYANA', '1293', '0', NULL, NULL, NULL, NULL, NULL, NULL, NULL, NULL, NULL, NULL, NULL, NULL, NULL, NULL, NULL, NULL, NULL);
INSERT INTO `m_pegawai` VALUES (232, '197802102005012002', 'TATIEK SETYANINGSIH', '1290', '0', NULL, NULL, NULL, NULL, NULL, NULL, NULL, NULL, NULL, NULL, NULL, NULL, NULL, NULL, NULL, NULL, NULL);
INSERT INTO `m_pegawai` VALUES (233, '919780704200801101', 'TAUFAN MACODOMPIS', '1271', '0', NULL, NULL, NULL, NULL, NULL, NULL, NULL, NULL, NULL, NULL, NULL, NULL, NULL, NULL, NULL, NULL, NULL);
INSERT INTO `m_pegawai` VALUES (234, '198107212008121003', 'TEGUH SENTOSA, AMK', '1228', '0', NULL, NULL, NULL, NULL, NULL, NULL, NULL, NULL, NULL, NULL, NULL, NULL, NULL, NULL, NULL, NULL, NULL);
INSERT INTO `m_pegawai` VALUES (235, '197412032006042001', 'TETY ARWATYANANG SAPUTRA, SKom', '1090', '0', NULL, NULL, NULL, NULL, NULL, NULL, NULL, NULL, NULL, NULL, NULL, NULL, NULL, NULL, NULL, NULL, NULL);
INSERT INTO `m_pegawai` VALUES (236, '919831106201204101', 'TIFANI KUSUMANINGTYAS', '1311', '0', NULL, NULL, NULL, NULL, NULL, NULL, NULL, NULL, NULL, NULL, NULL, NULL, NULL, NULL, NULL, NULL, NULL);
INSERT INTO `m_pegawai` VALUES (237, '199205192018012001', 'TERAYS INDRIASTI, AMK', '1412', '0', NULL, NULL, NULL, NULL, NULL, NULL, NULL, NULL, NULL, NULL, NULL, NULL, NULL, NULL, NULL, NULL, NULL);
INSERT INTO `m_pegawai` VALUES (238, '198205312005012002', 'TITI NURNIATI, AMK', '1210', '0', NULL, NULL, NULL, NULL, NULL, NULL, NULL, NULL, NULL, NULL, NULL, NULL, NULL, NULL, NULL, NULL, NULL);
INSERT INTO `m_pegawai` VALUES (239, '197811112002122001', 'TITI PARYATI, SGz', '1070', '0', NULL, NULL, NULL, NULL, NULL, NULL, NULL, NULL, NULL, NULL, NULL, NULL, NULL, NULL, NULL, NULL, NULL);
INSERT INTO `m_pegawai` VALUES (240, '197012312005012001', 'TITIN SUMARTINAH, dr', '1115', '0', NULL, NULL, NULL, NULL, NULL, NULL, NULL, NULL, NULL, NULL, NULL, NULL, NULL, NULL, NULL, NULL, NULL);
INSERT INTO `m_pegawai` VALUES (241, '196105161987102001', 'TJAHJANI NATRIANA, dr., Sp.S', '1119', '0', NULL, NULL, NULL, NULL, NULL, NULL, NULL, NULL, NULL, NULL, NULL, NULL, NULL, NULL, NULL, NULL, NULL);
INSERT INTO `m_pegawai` VALUES (242, '197208101998031004', 'TJATUR DJOKO WIBOWO, AMF', '1082', '0', NULL, NULL, NULL, NULL, NULL, NULL, NULL, NULL, NULL, NULL, NULL, NULL, NULL, NULL, NULL, NULL, NULL);
INSERT INTO `m_pegawai` VALUES (243, '197906261998032002', 'TOETY AWALIYAH, AMD', '1204', '0', NULL, NULL, NULL, NULL, NULL, NULL, NULL, NULL, NULL, NULL, NULL, NULL, NULL, NULL, NULL, NULL, NULL);
INSERT INTO `m_pegawai` VALUES (244, '197004142007011041', 'TONGAYA SANIIH', '1061', '0', NULL, NULL, NULL, NULL, NULL, NULL, NULL, NULL, NULL, NULL, NULL, NULL, NULL, NULL, NULL, NULL, NULL);
INSERT INTO `m_pegawai` VALUES (245, '197812172008121001', 'TONI MURTIONO, AMK', '1222', '0', NULL, NULL, NULL, NULL, NULL, NULL, NULL, NULL, NULL, NULL, NULL, NULL, NULL, NULL, NULL, NULL, NULL);
INSERT INTO `m_pegawai` VALUES (246, '197602112008121001', 'TURAICHAN ADJHURI', '1011', '0', NULL, NULL, NULL, NULL, NULL, NULL, NULL, NULL, NULL, NULL, NULL, NULL, NULL, NULL, NULL, NULL, NULL);
INSERT INTO `m_pegawai` VALUES (247, '197204172007011026', 'UJANG ARBANI', '1186', '0', NULL, NULL, NULL, NULL, NULL, NULL, NULL, NULL, NULL, NULL, NULL, NULL, NULL, NULL, NULL, NULL, NULL);
INSERT INTO `m_pegawai` VALUES (248, '195909231987092001', 'ULANYA HANNAGRACIA MTS, dr, SSpR, MKES', '1108', '0', NULL, NULL, NULL, NULL, NULL, NULL, NULL, NULL, NULL, NULL, NULL, NULL, NULL, NULL, NULL, NULL, NULL);
INSERT INTO `m_pegawai` VALUES (249, '198703312009032007', 'ULFAH PUSPITA SARI, AMG', '1397', '0', NULL, NULL, NULL, NULL, NULL, NULL, NULL, NULL, NULL, NULL, NULL, NULL, NULL, NULL, NULL, NULL, NULL);
INSERT INTO `m_pegawai` VALUES (250, '196508231989012001', 'UPRI PURWANTI, SKep', '1112', '0', NULL, NULL, NULL, NULL, NULL, NULL, NULL, NULL, NULL, NULL, NULL, NULL, NULL, NULL, NULL, NULL, NULL);
INSERT INTO `m_pegawai` VALUES (251, '197604192007011015', 'USMAN RAIS', '1032', '0', NULL, NULL, NULL, NULL, NULL, NULL, NULL, NULL, NULL, NULL, NULL, NULL, NULL, NULL, NULL, NULL, NULL);
INSERT INTO `m_pegawai` VALUES (252, '198303102006042001', 'VIRA KUSUMA WISUDHAYANTI, S.Kep, Ners', '1022', '0', NULL, NULL, NULL, NULL, NULL, NULL, NULL, NULL, NULL, NULL, NULL, NULL, NULL, NULL, NULL, NULL, NULL);
INSERT INTO `m_pegawai` VALUES (253, '197710242008012013', 'VIVI OCTAVIA LUBIS, dr', '1131', '0', NULL, NULL, NULL, NULL, NULL, NULL, NULL, NULL, NULL, NULL, NULL, NULL, NULL, NULL, NULL, NULL, NULL);
INSERT INTO `m_pegawai` VALUES (254, '198403282009121001', 'WAGE ROBBIAMSYAH', '1080', '0', NULL, NULL, NULL, NULL, NULL, NULL, NULL, NULL, NULL, NULL, NULL, NULL, NULL, NULL, NULL, NULL, NULL);
INSERT INTO `m_pegawai` VALUES (255, '198106272001121003', 'WAHYU RADITYO UTOMO, SKM, MARS', '1233', '0', NULL, NULL, NULL, NULL, NULL, NULL, NULL, NULL, NULL, NULL, NULL, NULL, NULL, NULL, NULL, NULL, NULL);
INSERT INTO `m_pegawai` VALUES (256, '196308212008121001', 'WAWAN HERNAWAN SUDIRJA', '1047', '0', NULL, NULL, NULL, NULL, NULL, NULL, NULL, NULL, NULL, NULL, NULL, NULL, NULL, NULL, NULL, NULL, NULL);
INSERT INTO `m_pegawai` VALUES (257, '196909241994032001', 'WIDARSIH, SSos', '1249', '0', NULL, NULL, NULL, NULL, NULL, NULL, NULL, NULL, NULL, NULL, NULL, NULL, NULL, NULL, NULL, NULL, NULL);
INSERT INTO `m_pegawai` VALUES (258, '197101261998032003', 'WIDYA LOLITA, SKp MKep', '1302', '0', NULL, NULL, NULL, NULL, NULL, NULL, NULL, NULL, NULL, NULL, NULL, NULL, NULL, NULL, NULL, NULL, NULL);
INSERT INTO `m_pegawai` VALUES (259, '198710142008122003', 'YUANI ENDANG SULISTYORINI, AMK', '1221', '0', NULL, NULL, NULL, NULL, NULL, NULL, NULL, NULL, NULL, NULL, NULL, NULL, NULL, NULL, NULL, NULL, NULL);
INSERT INTO `m_pegawai` VALUES (260, '196707041991032002', 'YULIANTI, SSos M Kes', '1241', '0', NULL, NULL, NULL, NULL, NULL, NULL, NULL, NULL, NULL, NULL, NULL, NULL, NULL, NULL, NULL, NULL, NULL);
INSERT INTO `m_pegawai` VALUES (261, '198606222008011001', 'YUNIAN ISMIANTORO, AMF', '1252', '0', NULL, NULL, NULL, NULL, NULL, NULL, NULL, NULL, NULL, NULL, NULL, NULL, NULL, NULL, NULL, NULL, NULL);
INSERT INTO `m_pegawai` VALUES (262, '197906102005012003', 'YUNIARTI, AMK', '1138', '0', NULL, NULL, NULL, NULL, NULL, NULL, NULL, NULL, NULL, NULL, NULL, NULL, NULL, NULL, NULL, NULL, NULL);
INSERT INTO `m_pegawai` VALUES (263, '198406262006042003', 'YUNITA EKA SARY, SKM', '1055', '0', NULL, NULL, NULL, NULL, NULL, NULL, NULL, NULL, NULL, NULL, NULL, NULL, NULL, NULL, NULL, NULL, NULL);
INSERT INTO `m_pegawai` VALUES (264, '198103032007012012', 'YUYUN INAYAH, AAK', '1239', '0', NULL, NULL, NULL, NULL, NULL, NULL, NULL, NULL, NULL, NULL, NULL, NULL, NULL, NULL, NULL, NULL, NULL);
INSERT INTO `m_pegawai` VALUES (265, '198506032008121001', 'ZAIN WISHNUKAHHAR, AMTE', '1105', '0', NULL, NULL, NULL, NULL, NULL, NULL, NULL, NULL, NULL, NULL, NULL, NULL, NULL, NULL, NULL, NULL, NULL);
INSERT INTO `m_pegawai` VALUES (266, '198507162006042002', 'ZULIA ALVIANA, AMK', '1257', '0', NULL, NULL, NULL, NULL, NULL, NULL, NULL, NULL, NULL, NULL, NULL, NULL, NULL, NULL, NULL, NULL, NULL);
INSERT INTO `m_pegawai` VALUES (267, '198508182010121002', 'Bayu Koli, SH, MH', '1436', '0', NULL, NULL, NULL, NULL, NULL, NULL, NULL, NULL, NULL, NULL, NULL, NULL, NULL, NULL, NULL, NULL, NULL);
INSERT INTO `m_pegawai` VALUES (268, '919890401201901000', 'Rifai, S.S.I', '1433', '0', NULL, NULL, NULL, NULL, NULL, NULL, NULL, NULL, NULL, NULL, NULL, NULL, NULL, NULL, NULL, NULL, NULL);
INSERT INTO `m_pegawai` VALUES (269, '196904212003121001', 'dr. Budi Raharjo, M. Epid', '1377', '0', NULL, NULL, NULL, NULL, NULL, NULL, NULL, NULL, NULL, NULL, NULL, NULL, NULL, NULL, NULL, NULL, NULL);
INSERT INTO `m_pegawai` VALUES (270, '196701091996031000', 'Fitri Purwanto, SKP, MM', '1448', '0', NULL, NULL, NULL, NULL, NULL, NULL, NULL, NULL, NULL, NULL, NULL, NULL, NULL, NULL, NULL, NULL, NULL);
INSERT INTO `m_pegawai` VALUES (271, '197306202009122001', 'ADEIKA MIETA RAHAYU, dr.', '1374', '0', NULL, NULL, NULL, NULL, NULL, NULL, NULL, NULL, NULL, NULL, NULL, NULL, NULL, NULL, NULL, NULL, NULL);
INSERT INTO `m_pegawai` VALUES (272, '196709061994021002', 'drg. BAGUS ARIO WIBOWO, MM', '1263', '0', NULL, NULL, NULL, NULL, NULL, NULL, NULL, NULL, NULL, NULL, NULL, NULL, NULL, NULL, NULL, NULL, NULL);
INSERT INTO `m_pegawai` VALUES (273, '197509222006041001', 'dr. INDIARTA SOLIHIN', '1266', '0', NULL, NULL, NULL, NULL, NULL, NULL, NULL, NULL, NULL, NULL, NULL, NULL, NULL, NULL, NULL, NULL, NULL);
INSERT INTO `m_pegawai` VALUES (274, '197009211999032003', 'dr. ANGELIA FRICILLIA HAMBUWUN', '1159', '0', NULL, NULL, NULL, NULL, NULL, NULL, NULL, NULL, NULL, NULL, NULL, NULL, NULL, NULL, NULL, NULL, NULL);
INSERT INTO `m_pegawai` VALUES (275, '197307141997032003', 'SOFIA BARADJA, S.Kep', '1038', '0', NULL, NULL, NULL, NULL, NULL, NULL, NULL, NULL, NULL, NULL, NULL, NULL, NULL, NULL, NULL, NULL, NULL);
INSERT INTO `m_pegawai` VALUES (276, '197601302010121001', 'dr. JUNAIDI, Sp. PD', '1408', '0', NULL, NULL, NULL, NULL, NULL, NULL, NULL, NULL, NULL, NULL, NULL, NULL, NULL, NULL, NULL, NULL, NULL);
INSERT INTO `m_pegawai` VALUES (277, '198211222010122001', 'dr. LIDYA CHANDRA, Sp.A. M.Bd', '1440', '0', NULL, NULL, NULL, NULL, NULL, NULL, NULL, NULL, NULL, NULL, NULL, NULL, NULL, NULL, NULL, NULL, NULL);
INSERT INTO `m_pegawai` VALUES (278, '197509282008122001', 'dr. LAELA DIAN KURNIASIH, Sp. K.J', '1407', '0', NULL, NULL, NULL, NULL, NULL, NULL, NULL, NULL, NULL, NULL, NULL, NULL, NULL, NULL, NULL, NULL, NULL);
INSERT INTO `m_pegawai` VALUES (279, '198402242014122002', 'dr. DANIK SETYOWATININGSIH', '1360', '0', NULL, NULL, NULL, NULL, NULL, NULL, NULL, NULL, NULL, NULL, NULL, NULL, NULL, NULL, NULL, NULL, NULL);
INSERT INTO `m_pegawai` VALUES (280, '198204232008012013', 'HENI HANDAYANI, AMK', '1226', '0', NULL, NULL, NULL, NULL, NULL, NULL, NULL, NULL, NULL, NULL, NULL, NULL, NULL, NULL, NULL, NULL, NULL);
INSERT INTO `m_pegawai` VALUES (281, '199003082018012001', 'FRIDA SIANITA NUR AF\'IDAH, S.Kep, Ns', '1413', '0', NULL, NULL, NULL, NULL, NULL, NULL, NULL, NULL, NULL, NULL, NULL, NULL, NULL, NULL, NULL, NULL, NULL);
INSERT INTO `m_pegawai` VALUES (282, '199604012019022001', 'APRI ANY, AMKL', '1435', '0', NULL, NULL, NULL, NULL, NULL, NULL, NULL, NULL, NULL, NULL, NULL, NULL, NULL, NULL, NULL, NULL, NULL);
INSERT INTO `m_pegawai` VALUES (283, '198803142019021001', 'AHMAD ASHIM, AMF', '1434', '0', NULL, NULL, NULL, NULL, NULL, NULL, NULL, NULL, NULL, NULL, NULL, NULL, NULL, NULL, NULL, NULL, NULL);
INSERT INTO `m_pegawai` VALUES (284, '920000730201901101', 'MUHAMMAD MADANI', '1432', '0', NULL, NULL, NULL, NULL, NULL, NULL, NULL, NULL, NULL, NULL, NULL, NULL, NULL, NULL, NULL, NULL, NULL);
INSERT INTO `m_pegawai` VALUES (285, '919800925202002101', 'HENRY PRASETYO NUGROHO', '1447', '0', NULL, NULL, NULL, NULL, NULL, NULL, NULL, NULL, NULL, NULL, NULL, NULL, NULL, NULL, NULL, NULL, NULL);
INSERT INTO `m_pegawai` VALUES (286, '919830918201805101', 'ARTHUR WENAS', '1428', '0', NULL, NULL, NULL, NULL, NULL, NULL, NULL, NULL, NULL, NULL, NULL, NULL, NULL, NULL, NULL, NULL, NULL);
INSERT INTO `m_pegawai` VALUES (287, '197702082006042013', 'HENI INRIANI, AMK', '1206', '0', NULL, NULL, NULL, NULL, NULL, NULL, NULL, NULL, NULL, NULL, NULL, NULL, NULL, NULL, NULL, NULL, NULL);
INSERT INTO `m_pegawai` VALUES (288, '919891115201906201', 'dr. SORAYA HAIRUNISA', '1443', '0', NULL, NULL, NULL, NULL, NULL, NULL, NULL, NULL, NULL, NULL, NULL, NULL, NULL, NULL, NULL, NULL, NULL);
INSERT INTO `m_pegawai` VALUES (289, '919830621201906101', 'dr. WIM ZWEIRYADINDA', '1442', '0', NULL, NULL, NULL, NULL, NULL, NULL, NULL, NULL, NULL, NULL, NULL, NULL, NULL, NULL, NULL, NULL, NULL);
INSERT INTO `m_pegawai` VALUES (290, '919811210201906101', 'dr. SAID AL HUDRI', '1441', '0', NULL, NULL, NULL, NULL, NULL, NULL, NULL, NULL, NULL, NULL, NULL, NULL, NULL, NULL, NULL, NULL, NULL);

-- ----------------------------
-- Table structure for m_ttd
-- ----------------------------
DROP TABLE IF EXISTS `m_ttd`;
CREATE TABLE `m_ttd`  (
  `id_ttd` int NOT NULL AUTO_INCREMENT,
  `id_users` int NOT NULL,
  `ttd` text CHARACTER SET latin1 COLLATE latin1_swedish_ci NOT NULL,
  `create_date` datetime NOT NULL,
  `update_date` datetime NOT NULL,
  PRIMARY KEY (`id_ttd`) USING BTREE
) ENGINE = InnoDB AUTO_INCREMENT = 7 CHARACTER SET = latin1 COLLATE = latin1_swedish_ci ROW_FORMAT = Compact;

-- ----------------------------
-- Records of m_ttd
-- ----------------------------
INSERT INTO `m_ttd` VALUES (3, 5, '{\"lines\":[[[31.04,136.4],[31.04,134.4],[31.04,134.4],[33.04,129.4],[50.04,103.4],[78.04,67.4],[112.04,35.4],[133.04,22.4],[134.04,22.4],[136.04,28.4],[127.04,47.4],[103.04,72.4],[74.04,97.4],[59.04,110.4],[61.04,110.4],[70.04,103.4],[78.04,101.4],[93.04,99.4],[101.04,107.4],[106.04,112.4],[108.04,112.4],[116.04,113.4],[134.04,102.4],[142.04,95.4],[144.04,94.4],[145.04,94.4],[146.04,97.4],[153.04,106.4],[166.04,112.4],[172.04,112.4],[182.04,109.4],[186.04,107.4],[190.04,106.4],[200.04,109.4],[218.04,113.4],[233.04,115.4],[250.04,113.4],[258.04,110.4],[262.04,109.4],[265.04,109.4],[265.04,111.4]]]}', '0000-00-00 00:00:00', '0000-00-00 00:00:00');
INSERT INTO `m_ttd` VALUES (4, 7, '{\"lines\":[[[104.35,20],[104.35,21],[104.35,25],[103.35,38],[99.35,75],[99.35,101],[99.35,127],[99.35,148],[99.35,160],[99.35,165],[99.35,158],[100.35,142],[102.35,123],[102.35,97],[101.35,88],[99.35,84],[98.35,83],[96.35,83],[95.35,83],[93.35,88],[91.35,93],[91.35,97],[91.35,98]],[[115.35,128],[117.35,124],[118.35,121],[119.35,116],[120.35,106],[122.35,95],[123.35,84],[124.35,75],[126.35,70],[127.35,68],[127.35,72],[127.35,75],[129.35,80],[130.35,92],[131.35,104],[131.35,112],[131.35,116],[131.35,118],[132.35,118],[135.35,111],[141.35,98],[147.35,82],[154.35,68],[157.35,61],[157.35,60],[157.35,63],[157.35,68],[157.35,73],[157.35,76],[158.35,76]]]}', '2021-05-24 13:36:56', '2021-05-24 13:36:56');
INSERT INTO `m_ttd` VALUES (5, 8, '{\"lines\":[[[-0.65,148],[1.35,147],[2.35,146],[7.35,144],[11.35,142],[15.35,140],[21.35,136],[24.35,136],[30.35,132],[34.35,132],[39.35,129],[42.35,128],[43.35,127],[46.35,125],[49.35,124],[52.35,123],[55.35,121],[58.35,120],[62.35,116],[66.35,114],[69.35,112],[71.35,109],[73.35,108],[74.35,108],[75.35,107],[77.35,105],[79.35,104],[80.35,104],[81.35,103],[81.35,102],[82.35,102],[82.35,101],[83.35,100],[84.35,100],[86.35,99],[87.35,99],[87.35,98],[87.35,97],[87.35,98],[87.35,99],[87.35,100],[87.35,101],[86.35,102],[86.35,103],[85.35,105],[85.35,106],[83.35,108],[83.35,108],[83.35,109],[83.35,110],[82.35,110],[82.35,111],[81.35,112],[80.35,113],[79.35,114],[79.35,115],[79.35,116],[79.35,116],[78.35,117],[77.35,118],[76.35,119],[76.35,120],[75.35,120],[74.35,122],[73.35,124],[73.35,124],[73.35,125],[72.35,127],[71.35,128],[71.35,131],[69.35,132],[69.35,134],[69.35,135],[68.35,135],[68.35,136],[68.35,137],[68.35,139],[68.35,140],[68.35,140],[70.35,141],[71.35,141],[72.35,142],[73.35,142],[74.35,143],[75.35,143],[75.35,143],[76.35,143],[77.35,143],[78.35,143],[79.35,143],[84.35,142],[88.35,140],[91.35,139],[91.35,138],[91.35,137],[91.35,136],[93.35,135],[93.35,134],[93.35,133],[93.35,132],[92.35,131],[92.35,129],[91.35,128],[91.35,127],[91.35,125],[90.35,124],[90.35,123],[88.35,121],[88.35,120],[87.35,119],[87.35,116],[86.35,115],[85.35,114],[85.35,112],[83.35,111],[82.35,108],[81.35,108],[80.35,107],[79.35,105],[78.35,104],[77.35,104],[76.35,102],[75.35,102],[75.35,100],[74.35,100],[73.35,98],[72.35,96],[71.35,96],[71.35,95],[70.35,93],[70.35,92],[70.35,91],[71.35,90],[71.35,89],[73.35,86],[75.35,84],[79.35,80],[81.35,78],[85.35,76],[87.35,75],[87.35,75],[89.35,74],[89.35,73],[91.35,73],[92.35,72],[95.35,71],[98.35,69],[101.35,67],[103.35,66],[105.35,64],[108.35,61],[111.35,60],[113.35,57],[113.35,54],[114.35,53],[115.35,52],[115.35,52],[115.35,51],[115.35,50],[115.35,49],[115.35,48],[114.35,48],[112.35,48],[111.35,49],[110.35,50],[109.35,52],[108.35,54],[107.35,56],[106.35,60],[104.35,64],[103.35,67],[103.35,71],[101.35,76],[100.35,79],[100.35,83],[99.35,86],[99.35,90],[99.35,93],[98.35,97],[98.35,101],[96.35,106],[96.35,109],[95.35,113],[95.35,116],[94.35,121],[94.35,125],[93.35,129],[92.35,132],[91.35,135],[91.35,136],[91.35,140],[91.35,141],[91.35,144],[91.35,148],[90.35,150],[89.35,153],[89.35,154],[89.35,155],[89.35,157],[89.35,158],[89.35,159],[88.35,160],[88.35,162],[88.35,163],[88.35,164],[88.35,164],[88.35,165],[88.35,166],[88.35,167],[88.35,168],[88.35,168],[87.35,170],[87.35,172],[86.35,172],[86.35,173]],[[105.35,107],[105.35,108],[105.35,108],[104.35,112],[104.35,113],[104.35,115],[104.35,118],[103.35,121],[103.35,123],[103.35,126],[102.35,128],[101.35,132],[101.35,136],[100.35,137],[100.35,140],[100.35,141],[99.35,142],[99.35,143],[99.35,144],[99.35,144],[99.35,146],[99.35,150],[99.35,155],[99.35,156],[99.35,157],[99.35,156],[99.35,155],[99.35,152],[99.35,150],[99.35,148],[99.35,148],[99.35,147],[99.35,146],[99.35,144],[99.35,142],[99.35,138],[99.35,133],[97.35,129],[97.35,125],[96.35,121],[95.35,116],[95.35,113],[95.35,109],[95.35,105],[94.35,104],[94.35,103],[95.35,103],[95.35,104],[95.35,104],[96.35,108],[96.35,115],[97.35,120],[97.35,124],[98.35,128],[100.35,135],[100.35,138],[100.35,141],[100.35,144],[101.35,146],[101.35,148],[101.35,148],[102.35,149],[103.35,148],[103.35,145],[105.35,144],[106.35,140],[107.35,133],[107.35,128],[108.35,126],[108.35,124],[110.35,121],[111.35,119],[111.35,116],[112.35,114],[112.35,113],[113.35,112],[113.35,115],[113.35,116],[113.35,120],[113.35,126],[113.35,131],[113.35,135],[113.35,139],[113.35,142],[113.35,144],[113.35,144],[113.35,146],[113.35,147],[114.35,148],[114.35,147],[115.35,144],[116.35,140],[116.35,135],[117.35,128],[118.35,124],[119.35,123],[119.35,120],[120.35,120],[120.35,119],[120.35,121],[122.35,132],[122.35,136],[123.35,140],[123.35,143],[123.35,144],[123.35,145],[123.35,143],[123.35,141],[125.35,136],[125.35,132],[125.35,129],[126.35,126],[126.35,125],[127.35,125],[127.35,126],[127.35,128],[127.35,128],[128.35,132],[128.35,134],[128.35,136],[128.35,137],[129.35,138],[129.35,136],[129.35,135],[131.35,132],[131.35,128],[131.35,127],[132.35,124],[132.35,126],[132.35,128],[132.35,129],[132.35,130],[132.35,131],[132.35,130],[133.35,129],[134.35,129],[136.35,131],[136.35,132],[137.35,134],[137.35,135],[138.35,135],[138.35,133],[138.35,132],[138.35,132],[138.35,130],[138.35,131],[138.35,132],[139.35,133],[139.35,134],[139.35,136],[140.35,136],[141.35,136],[142.35,136],[143.35,136],[143.35,136],[145.35,136],[146.35,136],[147.35,136],[148.35,136],[150.35,136],[153.35,136],[155.35,136],[156.35,136],[158.35,136],[159.35,136],[161.35,136],[163.35,136],[166.35,136],[167.35,135],[168.35,135],[169.35,135],[170.35,135],[169.35,135],[168.35,135],[167.35,135],[167.35,135],[165.35,134],[163.35,134],[162.35,133],[159.35,133],[159.35,133],[157.35,133],[156.35,133],[155.35,132],[152.35,132],[151.35,132],[149.35,132],[148.35,132],[148.35,131],[149.35,130],[150.35,130],[150.35,129],[151.35,129],[152.35,128],[154.35,127],[154.35,126],[155.35,126],[155.35,125],[155.35,124],[157.35,122],[159.35,120],[160.35,117],[160.35,115],[162.35,113],[162.35,112],[164.35,107],[165.35,105],[165.35,104],[165.35,103],[165.35,102],[165.35,101],[165.35,100],[166.35,99],[166.35,100],[166.35,102],[166.35,108],[166.35,114],[166.35,120],[166.35,127],[166.35,131],[166.35,133],[166.35,136],[166.35,139],[166.35,140],[166.35,144],[166.35,146],[166.35,148],[166.35,153],[166.35,157],[166.35,160],[166.35,165],[166.35,168],[166.35,169],[166.35,171],[166.35,172],[166.35,173],[166.35,174],[166.35,175],[166.35,176],[166.35,176],[166.35,177],[166.35,178],[166.35,179],[166.35,177],[166.35,175],[166.35,172],[166.35,167],[166.35,162],[166.35,157],[166.35,154],[168.35,148],[168.35,144],[168.35,140],[168.35,137],[169.35,134],[170.35,132],[170.35,131],[171.35,129],[171.35,127],[171.35,125],[172.35,124],[172.35,123],[172.35,122],[173.35,120],[174.35,121],[174.35,122],[174.35,123],[174.35,126],[174.35,130],[175.35,135],[176.35,139],[176.35,143],[179.35,148],[179.35,148],[179.35,148],[180.35,146],[182.35,141],[183.35,134],[186.35,124],[188.35,119],[189.35,114],[190.35,109],[192.35,106],[194.35,102],[195.35,102],[195.35,101],[195.35,102],[195.35,103],[196.35,106],[197.35,111],[199.35,118],[199.35,126],[200.35,131],[201.35,136],[202.35,140],[202.35,144],[202.35,144],[203.35,147],[203.35,148],[203.35,151],[203.35,152],[203.35,153],[203.35,152],[204.35,151],[207.35,147],[207.35,143],[208.35,142],[210.35,140],[211.35,137],[212.35,136],[213.35,136],[214.35,136],[215.35,135],[215.35,135],[216.35,135],[217.35,135],[218.35,135],[219.35,137],[219.35,140],[221.35,142],[221.35,143],[222.35,143],[223.35,143],[223.35,142],[224.35,141],[225.35,140],[226.35,137],[227.35,136],[227.35,134],[228.35,133],[228.35,132],[228.35,131],[230.35,130],[230.35,129],[230.35,131],[231.35,140],[232.35,144],[233.35,145],[233.35,146],[235.35,145],[236.35,142],[238.35,140],[239.35,137],[239.35,136],[239.35,136],[239.35,135],[239.35,134],[239.35,133],[239.35,132],[238.35,132],[238.35,132],[238.35,130],[238.35,131],[238.35,132],[238.35,132],[239.35,132],[239.35,133],[240.35,133],[241.35,133],[242.35,133],[245.35,133],[250.35,133],[259.35,133],[267.35,133],[272.35,133],[275.35,133],[285.35,133],[292.35,133],[294.35,132]],[[185.35,121],[186.35,121],[207.35,114],[239.35,107],[247.35,104],[251.35,104],[252.35,103]],[[113.35,172],[117.35,172],[140.35,160],[167.35,151],[177.35,148],[179.35,146],[180.35,146]]]}', '2021-05-24 13:37:18', '2021-05-24 13:37:18');
INSERT INTO `m_ttd` VALUES (6, 6, '{\"lines\":[[[70.38,133.3],[70.38,128.3],[70.38,126.3],[76.38,117.3],[84.38,102.3],[93.38,90.3],[101.38,80.3],[110.38,74.3],[118.38,68.3],[122.38,67.3],[122.38,68.3],[122.38,73.3],[122.38,76.3],[122.38,82.3],[121.38,89.3],[117.38,97.3],[113.38,103.3],[109.38,108.3],[107.38,110.3],[106.38,110.3],[105.38,110.3],[105.38,109.3],[109.38,104.3],[113.38,100.3],[123.38,96.3],[132.38,93.3],[138.38,92.3],[140.38,92.3],[142.38,92.3],[143.38,97.3],[145.38,103.3],[149.38,113.3],[150.38,116.3],[151.38,117.3],[151.38,115.3],[151.38,111.3],[153.38,106.3],[158.38,97.3],[160.38,94.3],[161.38,94.3],[161.38,98.3],[163.38,100.3],[168.38,113.3],[173.38,121.3],[175.38,124.3],[176.38,125.3],[177.38,125.3],[179.38,124.3],[184.38,117.3],[189.38,110.3],[192.38,107.3],[193.38,107.3],[195.38,107.3],[196.38,107.3],[199.38,110.3],[201.38,113.3],[206.38,116.3],[211.38,118.3],[214.38,119.3],[217.38,116.3],[220.38,111.3],[224.38,100.3],[226.38,98.3]]]}', '0000-00-00 00:00:00', '0000-00-00 00:00:00');

-- ----------------------------
-- Table structure for tbl_api_authorization
-- ----------------------------
DROP TABLE IF EXISTS `tbl_api_authorization`;
CREATE TABLE `tbl_api_authorization`  (
  `id` int NOT NULL AUTO_INCREMENT,
  `client_service` varchar(255) CHARACTER SET utf8 COLLATE utf8_general_ci NOT NULL,
  `auth_key` varchar(255) CHARACTER SET utf8 COLLATE utf8_general_ci NOT NULL,
  PRIMARY KEY (`id`) USING BTREE
) ENGINE = InnoDB AUTO_INCREMENT = 2 CHARACTER SET = utf8 COLLATE = utf8_general_ci ROW_FORMAT = Compact;

-- ----------------------------
-- Records of tbl_api_authorization
-- ----------------------------
INSERT INTO `tbl_api_authorization` VALUES (1, 'frontend-client', 'simplerest');

-- ----------------------------
-- Table structure for tbl_api_menu
-- ----------------------------
DROP TABLE IF EXISTS `tbl_api_menu`;
CREATE TABLE `tbl_api_menu`  (
  `id` int NOT NULL AUTO_INCREMENT,
  `nm_tabel` varchar(255) CHARACTER SET utf8 COLLATE utf8_general_ci NULL DEFAULT NULL,
  `title` varchar(255) CHARACTER SET utf8 COLLATE utf8_general_ci NULL DEFAULT NULL,
  `url` varchar(255) CHARACTER SET utf8 COLLATE utf8_general_ci NULL DEFAULT NULL,
  `tipe` varchar(255) CHARACTER SET utf8 COLLATE utf8_general_ci NULL DEFAULT NULL,
  `create_date` datetime NULL DEFAULT NULL,
  `is_aktif` enum('y','n') CHARACTER SET utf8 COLLATE utf8_general_ci NULL DEFAULT 'y',
  PRIMARY KEY (`id`) USING BTREE
) ENGINE = InnoDB AUTO_INCREMENT = 5 CHARACTER SET = utf8 COLLATE = utf8_general_ci ROW_FORMAT = Compact;

-- ----------------------------
-- Records of tbl_api_menu
-- ----------------------------
INSERT INTO `tbl_api_menu` VALUES (3, 'm_poly', 'M_poly', 'M_poly', 'crud', '2021-07-16 14:38:53', 'y');
INSERT INTO `tbl_api_menu` VALUES (4, 'zx_t_indikator_pelayanan_rs_v1', 'Zx_t_indikator_pelayanan_rs_v1', 'Zx_t_indikator_pelayanan_rs_v1', 'crud', '2021-10-19 05:11:45', 'y');

-- ----------------------------
-- Table structure for tbl_api_users
-- ----------------------------
DROP TABLE IF EXISTS `tbl_api_users`;
CREATE TABLE `tbl_api_users`  (
  `id` int NOT NULL AUTO_INCREMENT,
  `username` varchar(255) CHARACTER SET latin1 COLLATE latin1_swedish_ci NULL DEFAULT NULL,
  `password` varchar(255) CHARACTER SET latin1 COLLATE latin1_swedish_ci NULL DEFAULT NULL,
  `fullname` varchar(255) CHARACTER SET latin1 COLLATE latin1_swedish_ci NULL DEFAULT NULL,
  `level` enum('Admin','Member') CHARACTER SET latin1 COLLATE latin1_swedish_ci NULL DEFAULT NULL,
  `last_login` datetime NULL DEFAULT NULL,
  `created_at` datetime NULL DEFAULT NULL,
  `updated_at` datetime NULL DEFAULT NULL,
  PRIMARY KEY (`id`) USING BTREE
) ENGINE = InnoDB AUTO_INCREMENT = 6 CHARACTER SET = latin1 COLLATE = latin1_swedish_ci ROW_FORMAT = Compact;

-- ----------------------------
-- Records of tbl_api_users
-- ----------------------------
INSERT INTO `tbl_api_users` VALUES (1, 'admin', '$2y$04$SJbsKXUnYc4PHSgEmLJ7LuhK6q9uCVRgP6fyNqYrbuky9X0qVoVDO', 'Admin', 'Admin', '2021-11-01 05:38:20', '2015-12-25 10:35:16', '2016-08-11 10:52:13');
INSERT INTO `tbl_api_users` VALUES (2, 'root', '$2y$04$SJbsKXUnYc4PHSgEmLJ7LuhK6q9uCVRgP6fyNqYrbuky9X0qVoVDO', 'root', 'Member', '2021-07-16 14:43:02', NULL, NULL);
INSERT INTO `tbl_api_users` VALUES (5, 'test', 'test', 'testing', '', '0000-00-00 00:00:00', '0000-00-00 00:00:00', '0000-00-00 00:00:00');

-- ----------------------------
-- Table structure for tbl_api_users_authentication
-- ----------------------------
DROP TABLE IF EXISTS `tbl_api_users_authentication`;
CREATE TABLE `tbl_api_users_authentication`  (
  `id` int NOT NULL AUTO_INCREMENT,
  `users_id` int NULL DEFAULT NULL,
  `token` varchar(255) CHARACTER SET latin1 COLLATE latin1_swedish_ci NULL DEFAULT NULL,
  `expired_at` datetime NULL DEFAULT NULL,
  `created_at` datetime NULL DEFAULT NULL,
  `updated_at` datetime NULL DEFAULT NULL,
  PRIMARY KEY (`id`) USING BTREE
) ENGINE = InnoDB AUTO_INCREMENT = 27 CHARACTER SET = latin1 COLLATE = latin1_swedish_ci ROW_FORMAT = Compact;

-- ----------------------------
-- Records of tbl_api_users_authentication
-- ----------------------------
INSERT INTO `tbl_api_users_authentication` VALUES (1, 1, '$1$.qeGBYuS$ObJJe4qNsSsT8St5m2p1V.', '2021-07-09 01:31:45', NULL, NULL);
INSERT INTO `tbl_api_users_authentication` VALUES (2, 1, '$1$2cvzpxnQ$ce15/bWEhwewv1jlPnxp31', '2021-07-09 06:12:31', NULL, NULL);
INSERT INTO `tbl_api_users_authentication` VALUES (3, 1, '$1$dIYAc5Tw$Sg9qJuTWQT5ojaHBK4.R01', '2021-07-09 06:14:53', NULL, NULL);
INSERT INTO `tbl_api_users_authentication` VALUES (4, 1, '$1$aWlMvfSM$B0.9FDoe5Qe3ftBsE2jGB1', '2021-07-09 07:49:57', NULL, NULL);
INSERT INTO `tbl_api_users_authentication` VALUES (5, 1, '$1$cMdHsJAZ$phNntVGg9P0AaD73kSjxA/', '2021-07-10 02:27:31', NULL, NULL);
INSERT INTO `tbl_api_users_authentication` VALUES (6, 1, '$1$aMfGn.mE$74PCRKjq.HSPQCP4Uy38S/', '2021-07-10 02:33:56', NULL, NULL);
INSERT INTO `tbl_api_users_authentication` VALUES (7, 1, '$1$4rO1jv.n$.IIemsyDqbSj4saN8hLZx.', '2021-07-10 02:35:00', NULL, NULL);
INSERT INTO `tbl_api_users_authentication` VALUES (8, 1, '$1$7cxsnv7x$YjyE1xVDQmrLCdDnCqmA70', '2021-07-10 04:43:32', NULL, NULL);
INSERT INTO `tbl_api_users_authentication` VALUES (9, 1, '$1$uKdK7NMh$zLDhWAtzLb3GQU1DuKiZ2/', '2021-07-10 04:48:38', NULL, NULL);
INSERT INTO `tbl_api_users_authentication` VALUES (10, 1, '$1$ZAvP4bTS$c4Wes0AkXBCzeaELAAILL1', '2021-07-10 04:48:39', NULL, NULL);
INSERT INTO `tbl_api_users_authentication` VALUES (11, 1, '$1$GEoUad/.$BVD9QLTDZeQptuAA23c6D.', '2021-07-10 08:28:01', NULL, NULL);
INSERT INTO `tbl_api_users_authentication` VALUES (12, 1, '$1$lKeGcoMW$fQGdsVgvYU12U/Bae/gWj0', '2021-07-11 04:34:34', NULL, NULL);
INSERT INTO `tbl_api_users_authentication` VALUES (13, 1, '$1$iXBcHnb0$bXPZ92eqI/slc.HyZvis80', '2021-07-11 05:07:27', NULL, NULL);
INSERT INTO `tbl_api_users_authentication` VALUES (14, 1, '$1$ZX1qdVUi$89OsCJsCPHs/RXe5uQEVR/', '2021-07-11 05:11:10', NULL, NULL);
INSERT INTO `tbl_api_users_authentication` VALUES (15, 1, '$1$xLpFmTF5$hJ.zG/BLbO7nYZSM9ng.n/', '2021-07-11 05:11:13', NULL, NULL);
INSERT INTO `tbl_api_users_authentication` VALUES (16, 1, '$1$l.8yrZvu$wVmCs24dskaxxwCUp67.o.', '2021-07-11 05:25:22', NULL, NULL);
INSERT INTO `tbl_api_users_authentication` VALUES (17, 2, '$1$kvOoQ/Dv$Ya2LGZNz4srcB9/yrzj6e1', '2021-07-11 08:03:43', NULL, NULL);
INSERT INTO `tbl_api_users_authentication` VALUES (18, 2, '$1$kmPcLEXl$rQgn1hfIs9rThR6w3HcIZ.', '2021-07-15 03:53:43', NULL, NULL);
INSERT INTO `tbl_api_users_authentication` VALUES (19, 2, '$1$sDTWfMUJ$cZAtOR/ELHzHqgNhoyWAF0', '2021-07-17 02:46:11', NULL, NULL);
INSERT INTO `tbl_api_users_authentication` VALUES (20, 1, '$1$mkAOOZnf$e3MX8ATjtIcQ2a8I2xEib.', '2021-10-20 04:30:17', NULL, NULL);
INSERT INTO `tbl_api_users_authentication` VALUES (21, 1, '$1$YT4.BF4.$Kna1FfiA6GrCK3ACIO3T7/', '2021-10-21 16:51:07', NULL, NULL);
INSERT INTO `tbl_api_users_authentication` VALUES (22, 1, '$1$G25.X13.$rhlUxCUdWaDGe4FvaAxCR.', '2021-10-22 23:20:43', NULL, NULL);
INSERT INTO `tbl_api_users_authentication` VALUES (23, 1, '$1$Oe1.9z..$J.M8EfZVboROI0pkz1cYn0', '2021-10-25 23:04:23', NULL, NULL);
INSERT INTO `tbl_api_users_authentication` VALUES (24, 1, '$1$M40.lr2.$I1tqHjv.Z/LeUO0M70dWS0', '2021-10-29 22:57:03', NULL, NULL);
INSERT INTO `tbl_api_users_authentication` VALUES (25, 1, '$1$Zk4.u5..$IOmSPtKiXQFgd92F1c2fA.', '2021-11-01 22:35:15', NULL, NULL);
INSERT INTO `tbl_api_users_authentication` VALUES (26, 1, '$1$nl/.kQ3.$aPp.PxVzHHup1Wi3xoI6r0', '2021-11-01 17:38:20', NULL, NULL);

-- ----------------------------
-- Table structure for tbl_hak_akses
-- ----------------------------
DROP TABLE IF EXISTS `tbl_hak_akses`;
CREATE TABLE `tbl_hak_akses`  (
  `id` int NOT NULL AUTO_INCREMENT,
  `id_user_level` int NOT NULL,
  `id_menu` int NOT NULL,
  PRIMARY KEY (`id`) USING BTREE
) ENGINE = InnoDB AUTO_INCREMENT = 11 CHARACTER SET = latin1 COLLATE = latin1_swedish_ci ROW_FORMAT = Compact;

-- ----------------------------
-- Records of tbl_hak_akses
-- ----------------------------
INSERT INTO `tbl_hak_akses` VALUES (1, 1, 1);
INSERT INTO `tbl_hak_akses` VALUES (2, 1, 2);
INSERT INTO `tbl_hak_akses` VALUES (3, 1, 3);
INSERT INTO `tbl_hak_akses` VALUES (4, 1, 4);
INSERT INTO `tbl_hak_akses` VALUES (5, 1, 5);
INSERT INTO `tbl_hak_akses` VALUES (6, 1, 6);
INSERT INTO `tbl_hak_akses` VALUES (7, 1, 8);
INSERT INTO `tbl_hak_akses` VALUES (8, 1, 9);
INSERT INTO `tbl_hak_akses` VALUES (9, 1, 10);
INSERT INTO `tbl_hak_akses` VALUES (10, 1, 11);

-- ----------------------------
-- Table structure for tbl_menu
-- ----------------------------
DROP TABLE IF EXISTS `tbl_menu`;
CREATE TABLE `tbl_menu`  (
  `id_menu` int NOT NULL AUTO_INCREMENT,
  `title` varchar(50) CHARACTER SET latin1 COLLATE latin1_swedish_ci NOT NULL,
  `url` varchar(30) CHARACTER SET latin1 COLLATE latin1_swedish_ci NOT NULL,
  `icon` varchar(30) CHARACTER SET latin1 COLLATE latin1_swedish_ci NOT NULL,
  `is_main_menu` int NOT NULL,
  `is_aktif` enum('y','n') CHARACTER SET latin1 COLLATE latin1_swedish_ci NOT NULL COMMENT 'y=yes,n=no',
  `group_menu` varchar(255) CHARACTER SET latin1 COLLATE latin1_swedish_ci NULL DEFAULT NULL,
  PRIMARY KEY (`id_menu`) USING BTREE
) ENGINE = InnoDB AUTO_INCREMENT = 12 CHARACTER SET = latin1 COLLATE = latin1_swedish_ci ROW_FORMAT = Compact;

-- ----------------------------
-- Records of tbl_menu
-- ----------------------------
INSERT INTO `tbl_menu` VALUES (1, 'SETTING', '#', 'fal fa-cogs', 0, 'y', 'simrs');
INSERT INTO `tbl_menu` VALUES (2, 'KELOLA MENU', 'kelolamenu', 'fal fa-angle-right', 1, 'y', 'simrs');
INSERT INTO `tbl_menu` VALUES (3, 'KELOLA PENGGUNA', 'user', 'fal fa-angle-right', 1, 'y', 'simrs');
INSERT INTO `tbl_menu` VALUES (4, 'level PENGGUNA', 'userlevel', 'fal fa-angle-right', 1, 'y', 'simrs');
INSERT INTO `tbl_menu` VALUES (5, 'CRUD GEN', 'Vaicrud', 'fal fa-angle-right', 1, 'y', 'simrs');
INSERT INTO `tbl_menu` VALUES (6, 'Master Data', '#', 'fal fa-list-alt', 0, 'n', 'simrs');
INSERT INTO `tbl_menu` VALUES (7, 'Helpers', 'example', 'fal fa-angle-right', 1, 'y', 'simrs');
INSERT INTO `tbl_menu` VALUES (11, 'Zx_t_piutang', 'zx_t_piutang', 'fal fa-money-bill-alt', 0, 'y', 'simrs');

-- ----------------------------
-- Table structure for tbl_setting
-- ----------------------------
DROP TABLE IF EXISTS `tbl_setting`;
CREATE TABLE `tbl_setting`  (
  `id_setting` int NOT NULL AUTO_INCREMENT,
  `nama_setting` varchar(50) CHARACTER SET latin1 COLLATE latin1_swedish_ci NOT NULL,
  `value` varchar(40) CHARACTER SET latin1 COLLATE latin1_swedish_ci NOT NULL,
  PRIMARY KEY (`id_setting`) USING BTREE
) ENGINE = InnoDB AUTO_INCREMENT = 2 CHARACTER SET = latin1 COLLATE = latin1_swedish_ci ROW_FORMAT = Compact;

-- ----------------------------
-- Records of tbl_setting
-- ----------------------------
INSERT INTO `tbl_setting` VALUES (1, 'Tampil Menu', 'ya');

-- ----------------------------
-- Table structure for tbl_user
-- ----------------------------
DROP TABLE IF EXISTS `tbl_user`;
CREATE TABLE `tbl_user`  (
  `id_users` int NOT NULL AUTO_INCREMENT,
  `full_name` varchar(50) CHARACTER SET latin1 COLLATE latin1_swedish_ci NOT NULL,
  `email` varchar(50) CHARACTER SET latin1 COLLATE latin1_swedish_ci NOT NULL,
  `password` varchar(255) CHARACTER SET latin1 COLLATE latin1_swedish_ci NOT NULL,
  `images` text CHARACTER SET latin1 COLLATE latin1_swedish_ci NOT NULL,
  `id_user_level` int NOT NULL,
  `is_aktif` enum('y','n') CHARACTER SET latin1 COLLATE latin1_swedish_ci NOT NULL,
  `id_pegawai` int NOT NULL,
  `log` varchar(255) CHARACTER SET latin1 COLLATE latin1_swedish_ci NOT NULL,
  PRIMARY KEY (`id_users`) USING BTREE
) ENGINE = InnoDB AUTO_INCREMENT = 48 CHARACTER SET = latin1 COLLATE = latin1_swedish_ci ROW_FORMAT = Compact;

-- ----------------------------
-- Records of tbl_user
-- ----------------------------
INSERT INTO `tbl_user` VALUES (5, 'didikreasi', 'didikreasi81@gmail.com', '$2y$04$hweq015CpHe3cY0PcCG2OeDMV.L/dV797ItkPFPZ5jpp1.NSoUcQ2', 'Doctor-790X1024.jpg', 1, 'y', 48, 'Didikreasi81');
INSERT INTO `tbl_user` VALUES (6, 'vai', 'angkel.muthu@gmail.com', '$2y$04$SJbsKXUnYc4PHSgEmLJ7LuhK6q9uCVRgP6fyNqYrbuky9X0qVoVDO', 'tidak_puas.png', 1, 'y', 268, '112233');
INSERT INTO `tbl_user` VALUES (7, 'suwarno', '-', '$2y$04$zT5oR2G9tCbgYDpoITraHeIsTgAbGqsqJqK0pJ8rorAaJ8bKDlvNm', '', 2, 'y', 225, 'admin');
INSERT INTO `tbl_user` VALUES (8, 'praicoco', '-', '$2y$04$kMiUxpus761inSnMzUvY7e18tflM05XemAWwMjGQlWWg.c5xM9pAa', '', 1, 'y', 62, 'praicoco74');
INSERT INTO `tbl_user` VALUES (9, 'nita', 'nita@gmail.com', '$2y$04$ZEB8i.gmY6ObMZFzE/EujOqzn5XTFdx1ZbmmsqSBUIHmBIva2GqaW', 'nita.JPG', 3, 'y', 263, 'rm');
INSERT INTO `tbl_user` VALUES (10, 'liana', 'praicoco74@gmail.com', '$2y$04$Td0/cs3/.VcYCLHvcglt/OHC4k9WBUgUMTBY4COFMChSdSEHgFZdy', '', 5, 'y', 123, '12345');
INSERT INTO `tbl_user` VALUES (11, 'herlina', 'simrskojakarta@gmail.com', '$2y$04$7hOGelD6dnybajj25Ap4XuNt09/ZkN.hypBoihdNnCtdAz64rscBO', '', 6, 'y', 96, '12345');
INSERT INTO `tbl_user` VALUES (12, 'budisufi', 'binasai2015@gmail.com', '$2y$04$rHmfp7rSNcKVVMVISHS1F.SLIs5GISq6194Uk7TItuceeEDRN8BI2', '', 1, 'y', 186, '12345');
INSERT INTO `tbl_user` VALUES (13, 'aep', 'simrskojakarta@gmail.com', '$2y$04$Qu6NeY6I4S9dODYg8z1tMemmgCWGIa8YX0aIV/lGmIr0K37p1jSma', '', 3, 'y', 6, '12345');
INSERT INTO `tbl_user` VALUES (14, 'febtian', 'febtian.purbaningrum@gmail.com', '$2y$04$nt.7.q8kAwJVCTbGslMd5elYia1cnuP0SWrpfQWnkB.lOAcH74yPO', '', 3, 'y', 81, '12345');
INSERT INTO `tbl_user` VALUES (15, '197605072006042015', '197605072006042015@gmail.com', '$2y$04$oDT3yeolUQcXdRazZazJkOz/IhqvvMXvjEQtA6dCGp.J9WBq1gm4O', '', 7, 'y', 16, '197605072006042015');
INSERT INTO `tbl_user` VALUES (16, 'drg bagus', 'drgbagusariowibowo@gmail.com', '$2y$04$TXd0ymq7ySdC6wzLJCqRLeBkni4tV7pKFVuPVHZQhIXGRf7rprATm', '', 8, 'y', 272, 'spi');
INSERT INTO `tbl_user` VALUES (17, 'drg dewi', 'dewi@gmail.com', '$2y$04$WhH/sWhzmzGDExhECu4a1uQ31btnradSJ2cC1sEXV2rGDuFCGIzI.', '', 9, 'y', 43, 'ulp');
INSERT INTO `tbl_user` VALUES (18, 'dr erie', 'komitemedik@gmail.com', '$2y$04$iDXz2Bi7iLTmL7LO1rV8f.4Op/XjtDYVV36OHHrtwFk9aYDNhskk6', '', 10, 'y', 70, 'komitemedik');
INSERT INTO `tbl_user` VALUES (19, 'muminah', 'komitekeperawatan@gmail.com', '$2y$04$KiWAcDix9KVi3bbyepVd.OWumxc.v/XcgBn0ptXvUKC1XKGPq.iMO', '', 11, 'y', 142, 'komitekeperawatan');
INSERT INTO `tbl_user` VALUES (20, 'dr azri', 'komiteppi@gmail.com', '$2y$04$1zscnQJrUd091ZXbGvPAGOr0kQLyjfm1WI2wR5ud3eVjMzjVHPfaK', '', 12, 'y', 26, 'komiteppi');
INSERT INTO `tbl_user` VALUES (21, 'nuryalis', 'komitekesehatan@gmail.com', '$2y$04$4.CzVCoOjK336xsv/vC.BuAuc9c8/cWf1od6TMDD81qAzs8oIHjGO', '', 13, 'y', 167, 'komitekesehatan');
INSERT INTO `tbl_user` VALUES (22, 'dr vivi', 'komitemutu@gmail.com', '$2y$04$4TD4i55g28r3pTmWVF8K5erTFxfRv0Nf.mBplckvXu6ySV7kOrlU6', '', 14, 'y', 253, 'komitemutu');
INSERT INTO `tbl_user` VALUES (23, 'dr mario', 'komite_etikhukum@gmail.com', '$2y$04$AcOD5zUaizmPlxq8RZ7j9.o92I5ANnT0x2Y3aHQjYjri203uvwMl2', '', 15, 'y', 85, 'etikhukum');
INSERT INTO `tbl_user` VALUES (24, 'dr budi', 'medikkeperawatan@gmail.com', '$2y$04$GrODPTpChKU1EeI8yFgaYOpsiCWRTCwJw9KCagC2QDXhj6J.5lRU2', '', 16, 'y', 269, 'medik');
INSERT INTO `tbl_user` VALUES (25, 'elly', 'penunjang@gmail.com', '$2y$04$8CyEK9N7kbuJGc9YjQ5tGuPNtDgiRTpiWpwaydzET18Musxq72GWi', '', 17, 'y', 65, 'penunjang');
INSERT INTO `tbl_user` VALUES (26, 'dr dyah', 'instlasirawatjalan@gmail.com', '$2y$04$Oubfr2nzNGUHe83u/8rqGeZXtMyfcLFyV6T2c.CNFT4jms24dXP.6', '', 18, 'y', 55, 'irj');
INSERT INTO `tbl_user` VALUES (27, 'dr danik', 'igd@gmail.com', '$2y$04$RyDiDYzxC9Hkihj4QFPR1eQZhSp5vN3gX9E7XgpUPjpVQlRTi9hgy', '', 19, 'y', 279, '12345');
INSERT INTO `tbl_user` VALUES (28, 'dr herny', 'mcu@gmil.com', '$2y$04$I6ZF2ba.WTIZ8BMyH/bPiuJqxGVoS5JETRq17116wTfZkFLPv/C4y', '', 20, 'y', 98, '12345');
INSERT INTO `tbl_user` VALUES (29, 'dr lastny', 'ranap_komplikasi@gmail.com', '$2y$04$Uv9I85mpsEA00e2k440OFOM6lG/SN.yv7NBwGNDJYJUM7dJyKcROC', '', 21, 'y', 126, '12345');
INSERT INTO `tbl_user` VALUES (30, 'dr carlamia', 'rehabnapza@gmail.com', '$2y$04$e0.61MERc37ZN8h6icFxpuVvVKp1zf72b2LAz2cTavWYrKdr3eqaC', '', 22, 'y', 31, '12345');
INSERT INTO `tbl_user` VALUES (31, 'dr hermawanto', 'laboratorium@gmail.com', '$2y$04$s5T8nQnspeaTqsklJRss.OCrqKTJDuFsU5gqs9ngAIt/TKmj7pdTC', '', 23, 'y', 97, '12345');
INSERT INTO `tbl_user` VALUES (32, 'dr hanna', 'radiologi@gmail.com', '$2y$04$TXzxs3isTBijUKgs2JzHXOvKQNpWPLtZYDnvmJ3dBGI.YpIJDWmx6', '', 24, 'y', 248, '12345');
INSERT INTO `tbl_user` VALUES (33, 'achmad', 'achmad@gmail.com', '$2y$04$Orm7rfmEOs4AHZAUbgU/3efS.jEL/IsXiedhxg7ppXIyxbO6LMvQq', '', 4, 'y', 4, 'farmasi');
INSERT INTO `tbl_user` VALUES (34, 'titi', 'instalasigizi@gmail.com', '$2y$04$bLyys9409siUbxpPLzYDJOL42Agjl7/ynKb.99Veha4M1BvZzVjre', '', 27, 'y', 239, '12345');
INSERT INTO `tbl_user` VALUES (35, 'dwi heni', 'instalasifarmasi@gmail.com', '$2y$04$fDIqJbkxGOIxsRLV0Pj5He91XpBGOdaYa5GQC8l1YHj4gwT79jc3e', '', 28, 'y', 53, '12345');
INSERT INTO `tbl_user` VALUES (36, 'sri n', 'keuanganbmn@gmail.com', '$2y$04$iE8dy8TCQGlqpPIe9kAjlutSwM//aGF6lmV3GiA8nE/ml/C.sxTWm', '', 29, 'y', 212, '12345');
INSERT INTO `tbl_user` VALUES (37, 'fitri p', 'organisasiumum@gmail.com', '$2y$04$ry3WXwvGtU/u7VDKTTWpz.57E1VW7Vb7f9PzQK2U57qraPUYK574q', '', 32, 'y', 270, '12345');
INSERT INTO `tbl_user` VALUES (38, 'widarsih', 'verifikasipasien@gmail.com', '$2y$04$UCM8sIHbiGV1uN3815nnk.3s5CvV.HhFV65lSvMOddDyyil.gDI2a', '', 33, 'y', 257, '12345');
INSERT INTO `tbl_user` VALUES (39, 'drg imelda', 'pkrs@gmail.com', '$2y$04$rjUohJUj4zusKD2la.iLZ.FZsCTd3AXhkdHXRrOxcZAhJ/KK5M1Wu', '', 34, 'y', 104, '12345');
INSERT INTO `tbl_user` VALUES (40, 'wahyu', 'ipsrs@gmail.com', '$2y$04$xLA6tPH.mwzl0iJmZhS2POYspXKCGqYllmhNuSn1GB/1XdCu0/DQO', '', 35, 'y', 255, '12345');
INSERT INTO `tbl_user` VALUES (42, 'abdul wahid', 'fitriberyldaniyal@gmail.com', '$2y$04$olTOte1.IBYep1YWf1KpR.tC0szyTKBLvtB87UxxOy94Xtw4MXky6', '', 38, 'y', 1, '12345');
INSERT INTO `tbl_user` VALUES (43, 'akmal', 'simrskojakarta@gmail.com', '$2y$04$czJrH4gkVMFauCM8xj3bweXWyqxkwT29OI/Xo0EGrT2BeNwLq1feO', '', 36, 'y', 51, '12345');
INSERT INTO `tbl_user` VALUES (44, 'nisa', 'simrskojakarta@gmail.com', '$2y$04$0c1ButZ0H8AM8ovCm4cqMuxzFznusHo5pLDwVbcYJdQ2nvhKhVkyi', '', 28, 'y', 79, '12345');
INSERT INTO `tbl_user` VALUES (45, 'silvi', 'simrskojakarta@gmail.com', '$2y$04$Dxus2QROpBG.B0.Wtz0Bnuub9Dyr8cMjifTwn8xPR5Nw8z7ATnRDi', '', 40, 'y', 205, '12345');
INSERT INTO `tbl_user` VALUES (46, 'abdul', 'simrskojakarta@gmail.com', '$2y$04$GYw1GNGbg52.m.nCrQKdQemT.H.jm1W7kD0fy58h6SKT6OaA/ZvyC', '', 42, 'y', 1, '12345');
INSERT INTO `tbl_user` VALUES (47, 'anggun', 'simrskojakarta@gmail.com', '$2y$04$rb5g4XL4cGuXbQeUh8umDuwvM.RUPpH5bjyFk6V3eW9xn1hTTk5Ue', '', 41, 'y', 0, '12345');

-- ----------------------------
-- Table structure for tbl_user_level
-- ----------------------------
DROP TABLE IF EXISTS `tbl_user_level`;
CREATE TABLE `tbl_user_level`  (
  `id_user_level` int NOT NULL AUTO_INCREMENT,
  `nama_level` varchar(30) CHARACTER SET latin1 COLLATE latin1_swedish_ci NOT NULL,
  PRIMARY KEY (`id_user_level`) USING BTREE
) ENGINE = InnoDB AUTO_INCREMENT = 2 CHARACTER SET = latin1 COLLATE = latin1_swedish_ci ROW_FORMAT = Compact;

-- ----------------------------
-- Records of tbl_user_level
-- ----------------------------
INSERT INTO `tbl_user_level` VALUES (1, 'Super Admin');

-- ----------------------------
-- Table structure for tbl_user_x
-- ----------------------------
DROP TABLE IF EXISTS `tbl_user_x`;
CREATE TABLE `tbl_user_x`  (
  `id_users` int NOT NULL AUTO_INCREMENT,
  `full_name` varchar(50) CHARACTER SET latin1 COLLATE latin1_swedish_ci NOT NULL,
  `email` varchar(50) CHARACTER SET latin1 COLLATE latin1_swedish_ci NOT NULL,
  `password` varchar(255) CHARACTER SET latin1 COLLATE latin1_swedish_ci NOT NULL,
  `images` text CHARACTER SET latin1 COLLATE latin1_swedish_ci NOT NULL,
  `id_user_level` int NOT NULL,
  `is_aktif` enum('y','n') CHARACTER SET latin1 COLLATE latin1_swedish_ci NOT NULL,
  PRIMARY KEY (`id_users`) USING BTREE
) ENGINE = InnoDB AUTO_INCREMENT = 2 CHARACTER SET = latin1 COLLATE = latin1_swedish_ci ROW_FORMAT = Compact;

-- ----------------------------
-- Records of tbl_user_x
-- ----------------------------
INSERT INTO `tbl_user_x` VALUES (1, 'Superadmin', 'superadmin@gmail.com', '$2y$04$Wbyfv4xwihb..POfhxY5Y.jHOJqEFIG3dLfBYwAmnOACpH0EWCCdq', 'atomix_user31.png', 1, 'y');

-- ----------------------------
-- View structure for v_login
-- ----------------------------
DROP VIEW IF EXISTS `v_login`;
CREATE ALGORITHM = UNDEFINED SQL SECURITY DEFINER VIEW `v_login` AS select a.*,b.nama,b.nip,c.nama_level,d.id_ttd,d.ttd,b.id_absen FROM tbl_user a
LEFT JOIN m_pegawai b on a.id_pegawai=b.id_pegawai
LEFT JOIN tbl_user_level c on a.id_user_level=c.id_user_level 
LEFT JOIN m_ttd d on a.id_users=d.id_users ;

SET FOREIGN_KEY_CHECKS = 1;
